date,octree,point_type,encoder,npoints,operation,kernel,radius,num_searches,sequential_searches,repeats,accumulated,mean,median,stdev,used_warmup,warmup_time,avg_result_size,tolerance_percentage,openmp_threads,openmp_schedule
2025-06-01-12:49:44,ptrOct,Point,NoEncoding,721810646,neighborsPtr,Circle,0.01,10000,random,5,1.3615,0.272299,0.248235,0.105481,1,0.867923,202,0,40,dynamic
2025-06-01-12:49:44,ptrOct,Point,NoEncoding,721810646,neighborsPtr,Sphere,0.01,10000,random,5,0.0244784,0.00489567,0.00491768,0.000105228,1,0.00492913,7,0,40,dynamic
2025-06-01-12:49:44,ptrOct,Point,NoEncoding,721810646,neighborsPtr,Square,0.01,10000,random,5,0.677478,0.135496,0.135063,0.00134293,1,0.135504,247,0,40,dynamic
2025-06-01-12:49:44,ptrOct,Point,NoEncoding,721810646,neighborsPtr,Cube,0.01,10000,random,5,0.0227362,0.00454725,0.00455505,3.10336e-05,1,0.00460587,11,0,40,dynamic
2025-06-01-12:49:46,ptrOct,Point,NoEncoding,721810646,neighborsPtr,Circle,0.05,10000,random,5,1.28918,0.257836,0.255977,0.00884238,1,0.276926,3212,0,40,dynamic
2025-06-01-12:49:46,ptrOct,Point,NoEncoding,721810646,neighborsPtr,Sphere,0.05,10000,random,5,0.0709448,0.014189,0.0142145,0.000376207,1,0.0137625,189,0,40,dynamic
2025-06-01-12:49:48,ptrOct,Point,NoEncoding,721810646,neighborsPtr,Square,0.05,10000,random,5,1.23241,0.246482,0.244457,0.00273177,1,0.247266,3886,0,40,dynamic
2025-06-01-12:49:48,ptrOct,Point,NoEncoding,721810646,neighborsPtr,Cube,0.05,10000,random,5,0.0697196,0.0139439,0.0140895,0.000320928,1,0.0134685,272,0,40,dynamic
2025-06-01-12:49:50,ptrOct,Point,NoEncoding,721810646,neighborsPtr,Circle,0.1,10000,random,5,2.07787,0.415573,0.413554,0.00770059,1,0.420312,9375,0,40,dynamic
2025-06-01-12:49:50,ptrOct,Point,NoEncoding,721810646,neighborsPtr,Sphere,0.1,10000,random,5,0.169874,0.0339748,0.0333187,0.00258097,1,0.0390404,749,0,40,dynamic
2025-06-01-12:49:53,ptrOct,Point,NoEncoding,721810646,neighborsPtr,Square,0.1,10000,random,5,2.05811,0.411623,0.414622,0.00398546,1,0.409238,11228,0,40,dynamic
2025-06-01-12:49:53,ptrOct,Point,NoEncoding,721810646,neighborsPtr,Cube,0.1,10000,random,5,0.165781,0.0331563,0.0332936,0.0012733,1,0.0310209,1053,0,40,dynamic
2025-06-01-12:49:58,ptrOct,Point,NoEncoding,721810646,neighborsPtr,Circle,0.2,10000,random,5,3.93081,0.786161,0.780055,0.00988612,1,0.796723,26474,0,40,dynamic
2025-06-01-12:49:58,ptrOct,Point,NoEncoding,721810646,neighborsPtr,Sphere,0.2,10000,random,5,0.446149,0.0892299,0.0899021,0.00246066,1,0.0867283,2904,0,40,dynamic
2025-06-01-12:50:03,ptrOct,Point,NoEncoding,721810646,neighborsPtr,Square,0.2,10000,random,5,3.96168,0.792335,0.793808,0.00653245,1,0.788498,31445,0,40,dynamic
2025-06-01-12:50:04,ptrOct,Point,NoEncoding,721810646,neighborsPtr,Cube,0.2,10000,random,5,0.447254,0.0894508,0.0900147,0.00257243,1,0.0867413,3984,0,40,dynamic
2025-06-01-12:51:46,unibnOctree,Point,NoEncoding,721810646,neighborsUnibn,Sphere,0.01,10000,random,5,0.193148,0.0386296,0.0450395,0.0151757,1,0.0581566,7,0,40,dynamic
2025-06-01-12:51:46,unibnOctree,Point,NoEncoding,721810646,neighborsUnibn,Cube,0.01,10000,random,5,0.0447803,0.00895606,0.00896838,5.93942e-05,1,0.00871164,11,0,40,dynamic
2025-06-01-12:51:46,unibnOctree,Point,NoEncoding,721810646,neighborsUnibn,Sphere,0.05,10000,random,5,0.161334,0.0322668,0.0357637,0.00904258,1,0.0404279,189,0,40,dynamic
2025-06-01-12:51:46,unibnOctree,Point,NoEncoding,721810646,neighborsUnibn,Cube,0.05,10000,random,5,0.0672074,0.0134415,0.0136428,0.00150715,1,0.0148331,272,0,40,dynamic
2025-06-01-12:51:46,unibnOctree,Point,NoEncoding,721810646,neighborsUnibn,Sphere,0.1,10000,random,5,0.159483,0.0318965,0.0346388,0.00640517,1,0.0376076,749,0,40,dynamic
2025-06-01-12:51:47,unibnOctree,Point,NoEncoding,721810646,neighborsUnibn,Cube,0.1,10000,random,5,0.120109,0.0240217,0.0247933,0.00142688,1,0.0238899,1053,0,40,dynamic
2025-06-01-12:51:47,unibnOctree,Point,NoEncoding,721810646,neighborsUnibn,Sphere,0.2,10000,random,5,0.282977,0.0565953,0.0594192,0.0080903,1,0.0665742,2904,0,40,dynamic
2025-06-01-12:51:47,unibnOctree,Point,NoEncoding,721810646,neighborsUnibn,Cube,0.2,10000,random,5,0.25171,0.050342,0.0512128,0.00216033,1,0.0508561,3984,0,40,dynamic
2025-06-01-12:57:29,pclKD,PCLPointXYZ,NoEncoding,721810646,neighborsPclKD,Sphere,0.01,10000,random,5,0.0626398,0.012528,0.0133285,0.00259818,1,0.0282885,157,0,40,dynamic
2025-06-01-12:57:30,pclKD,PCLPointXYZ,NoEncoding,721810646,neighborsPclKD,Sphere,0.05,10000,random,5,0.0916452,0.018329,0.0180282,0.000660968,1,0.0218686,459,0,40,dynamic
2025-06-01-12:57:30,pclKD,PCLPointXYZ,NoEncoding,721810646,neighborsPclKD,Sphere,0.1,10000,random,5,0.292511,0.0585023,0.0585796,0.0022921,1,0.0580444,1603,0,40,dynamic
2025-06-01-12:57:31,pclKD,PCLPointXYZ,NoEncoding,721810646,neighborsPclKD,Sphere,0.2,10000,random,5,0.728033,0.145607,0.144053,0.00816634,1,0.137746,4155,0,40,dynamic
2025-06-01-13:02:40,ptrOct,Point,MortonEncoder3D,721810646,neighborsPtr,Circle,0.01,10000,random,5,0.668072,0.133614,0.133778,0.000885493,1,0.150762,212,0,40,dynamic
2025-06-01-13:02:40,ptrOct,Point,MortonEncoder3D,721810646,neighborsPtr,Sphere,0.01,10000,random,5,0.0200288,0.00400575,0.00400924,2.69143e-05,1,0.00418159,7,0,40,dynamic
2025-06-01-13:02:41,ptrOct,Point,MortonEncoder3D,721810646,neighborsPtr,Square,0.01,10000,random,5,0.676178,0.135236,0.135483,0.000439644,1,0.135446,257,0,40,dynamic
2025-06-01-13:02:41,ptrOct,Point,MortonEncoder3D,721810646,neighborsPtr,Cube,0.01,10000,random,5,0.0200405,0.0040081,0.00400553,3.03614e-05,1,0.00411421,11,0,40,dynamic
2025-06-01-13:02:43,ptrOct,Point,MortonEncoder3D,721810646,neighborsPtr,Circle,0.05,10000,random,5,1.23268,0.246537,0.244362,0.00307801,1,0.240764,3184,0,40,dynamic
2025-06-01-13:02:43,ptrOct,Point,MortonEncoder3D,721810646,neighborsPtr,Sphere,0.05,10000,random,5,0.0643519,0.0128704,0.0126955,0.000419778,1,0.0127623,193,0,40,dynamic
2025-06-01-13:02:44,ptrOct,Point,MortonEncoder3D,721810646,neighborsPtr,Square,0.05,10000,random,5,1.25036,0.250071,0.248877,0.00244245,1,0.247925,3840,0,40,dynamic
2025-06-01-13:02:44,ptrOct,Point,MortonEncoder3D,721810646,neighborsPtr,Cube,0.05,10000,random,5,0.0653603,0.0130721,0.0127522,0.000487355,1,0.0128514,276,0,40,dynamic
2025-06-01-13:02:47,ptrOct,Point,MortonEncoder3D,721810646,neighborsPtr,Circle,0.1,10000,random,5,2.05579,0.411158,0.410114,0.00323449,1,0.4062,9307,0,40,dynamic
2025-06-01-13:02:47,ptrOct,Point,MortonEncoder3D,721810646,neighborsPtr,Sphere,0.1,10000,random,5,0.154302,0.0308605,0.0303011,0.00134215,1,0.0299811,768,0,40,dynamic
2025-06-01-13:02:50,ptrOct,Point,MortonEncoder3D,721810646,neighborsPtr,Square,0.1,10000,random,5,2.09135,0.418271,0.417454,0.00392399,1,0.412564,11141,0,40,dynamic
2025-06-01-13:02:50,ptrOct,Point,MortonEncoder3D,721810646,neighborsPtr,Cube,0.1,10000,random,5,0.155073,0.0310147,0.0308254,0.000929153,1,0.0303696,1079,0,40,dynamic
2025-06-01-13:02:54,ptrOct,Point,MortonEncoder3D,721810646,neighborsPtr,Circle,0.2,10000,random,5,3.96551,0.793102,0.790637,0.00844125,1,0.786539,26055,0,40,dynamic
2025-06-01-13:02:55,ptrOct,Point,MortonEncoder3D,721810646,neighborsPtr,Sphere,0.2,10000,random,5,0.427599,0.0855197,0.0843732,0.00234703,1,0.0840083,2963,0,40,dynamic
2025-06-01-13:03:00,ptrOct,Point,MortonEncoder3D,721810646,neighborsPtr,Square,0.2,10000,random,5,4.03539,0.807078,0.803949,0.00788563,1,0.800178,30956,0,40,dynamic
2025-06-01-13:03:00,ptrOct,Point,MortonEncoder3D,721810646,neighborsPtr,Cube,0.2,10000,random,5,0.436505,0.0873009,0.0860933,0.00301925,1,0.0851936,4052,0,40,dynamic
2025-06-01-13:03:22,linOct,Point,MortonEncoder3D,721810646,neighbors,Circle,0.01,10000,random,5,0.44013,0.0880259,0.0875722,0.0024941,1,0.0939325,212,0,40,dynamic
2025-06-01-13:03:22,linOct,Point,MortonEncoder3D,721810646,neighbors,Sphere,0.01,10000,random,5,0.0108672,0.00217343,0.00217787,2.01414e-05,1,0.00225218,7,0,40,dynamic
2025-06-01-13:03:22,linOct,Point,MortonEncoder3D,721810646,neighbors,Square,0.01,10000,random,5,0.42943,0.085886,0.0856077,0.000677385,1,0.0857313,257,0,40,dynamic
2025-06-01-13:03:22,linOct,Point,MortonEncoder3D,721810646,neighbors,Cube,0.01,10000,random,5,0.0113389,0.00226778,0.00226093,3.13937e-05,1,0.00229503,11,0,40,dynamic
2025-06-01-13:03:23,linOct,Point,MortonEncoder3D,721810646,neighborsPrune,Circle,0.01,10000,random,5,0.412647,0.0825294,0.0826753,0.000635368,1,0.0823533,212,0,40,dynamic
2025-06-01-13:03:23,linOct,Point,MortonEncoder3D,721810646,neighborsPrune,Sphere,0.01,10000,random,5,0.0105754,0.00211508,0.00211704,1.2695e-05,1,0.00219025,7,0,40,dynamic
2025-06-01-13:03:23,linOct,Point,MortonEncoder3D,721810646,neighborsPrune,Square,0.01,10000,random,5,0.421521,0.0843042,0.0842657,0.00025203,1,0.0844901,257,0,40,dynamic
2025-06-01-13:03:23,linOct,Point,MortonEncoder3D,721810646,neighborsPrune,Cube,0.01,10000,random,5,0.0108899,0.00217798,0.00217941,1.58858e-05,1,0.00224918,11,0,40,dynamic
2025-06-01-13:03:24,linOct,Point,MortonEncoder3D,721810646,neighborsStruct,Circle,0.01,10000,random,5,0.412065,0.082413,0.0824372,0.00036424,1,0.0825354,212,0,40,dynamic
2025-06-01-13:03:24,linOct,Point,MortonEncoder3D,721810646,neighborsStruct,Sphere,0.01,10000,random,5,0.0111821,0.00223643,0.00222931,1.30048e-05,1,0.00231979,7,0,40,dynamic
2025-06-01-13:03:24,linOct,Point,MortonEncoder3D,721810646,neighborsStruct,Square,0.01,10000,random,5,0.415597,0.0831194,0.0831986,0.000404152,1,0.0827887,257,0,40,dynamic
2025-06-01-13:03:24,linOct,Point,MortonEncoder3D,721810646,neighborsStruct,Cube,0.01,10000,random,5,0.0114736,0.00229473,0.00229631,2.33647e-05,1,0.00237722,11,0,40,dynamic
2025-06-01-13:03:25,linOct,Point,MortonEncoder3D,721810646,neighbors,Circle,0.05,10000,random,5,0.834865,0.166973,0.167673,0.0014282,1,0.164954,3184,0,40,dynamic
2025-06-01-13:03:25,linOct,Point,MortonEncoder3D,721810646,neighbors,Sphere,0.05,10000,random,5,0.0395351,0.00790702,0.00781086,0.000207311,1,0.00780848,193,0,40,dynamic
2025-06-01-13:03:26,linOct,Point,MortonEncoder3D,721810646,neighbors,Square,0.05,10000,random,5,0.839711,0.167942,0.167295,0.00182765,1,0.165536,3840,0,40,dynamic
2025-06-01-13:03:26,linOct,Point,MortonEncoder3D,721810646,neighbors,Cube,0.05,10000,random,5,0.0444804,0.00889607,0.00822958,0.00132082,1,0.00796565,276,0,40,dynamic
2025-06-01-13:03:27,linOct,Point,MortonEncoder3D,721810646,neighborsPrune,Circle,0.05,10000,random,5,0.757571,0.151514,0.151942,0.00162322,1,0.152448,3184,0,40,dynamic
2025-06-01-13:03:27,linOct,Point,MortonEncoder3D,721810646,neighborsPrune,Sphere,0.05,10000,random,5,0.0329968,0.00659935,0.00653072,0.000117172,1,0.00657012,193,0,40,dynamic
2025-06-01-13:03:28,linOct,Point,MortonEncoder3D,721810646,neighborsPrune,Square,0.05,10000,random,5,0.785677,0.157135,0.156523,0.00113249,1,0.156262,3840,0,40,dynamic
2025-06-01-13:03:28,linOct,Point,MortonEncoder3D,721810646,neighborsPrune,Cube,0.05,10000,random,5,0.0361129,0.00722259,0.00720268,8.64079e-05,1,0.00715295,276,0,40,dynamic
2025-06-01-13:03:29,linOct,Point,MortonEncoder3D,721810646,neighborsStruct,Circle,0.05,10000,random,5,0.736649,0.14733,0.147014,0.00148418,1,0.146698,3184,0,40,dynamic
2025-06-01-13:03:29,linOct,Point,MortonEncoder3D,721810646,neighborsStruct,Sphere,0.05,10000,random,5,0.0329696,0.00659391,0.00658258,5.36724e-05,1,0.00660574,193,0,40,dynamic
2025-06-01-13:03:30,linOct,Point,MortonEncoder3D,721810646,neighborsStruct,Square,0.05,10000,random,5,0.747314,0.149463,0.1496,0.000804084,1,0.14978,3840,0,40,dynamic
2025-06-01-13:03:30,linOct,Point,MortonEncoder3D,721810646,neighborsStruct,Cube,0.05,10000,random,5,0.0354326,0.00708652,0.00707601,9.34592e-05,1,0.00714019,276,0,40,dynamic
2025-06-01-13:03:32,linOct,Point,MortonEncoder3D,721810646,neighbors,Circle,0.1,10000,random,5,1.44157,0.288314,0.288442,0.00281956,1,0.283094,9307,0,40,dynamic
2025-06-01-13:03:32,linOct,Point,MortonEncoder3D,721810646,neighbors,Sphere,0.1,10000,random,5,0.0999841,0.0199968,0.0197263,0.000742885,1,0.0196863,768,0,40,dynamic
2025-06-01-13:03:34,linOct,Point,MortonEncoder3D,721810646,neighbors,Square,0.1,10000,random,5,1.45386,0.290772,0.289169,0.00247684,1,0.288989,11141,0,40,dynamic
2025-06-01-13:03:34,linOct,Point,MortonEncoder3D,721810646,neighbors,Cube,0.1,10000,random,5,0.102352,0.0204705,0.020238,0.000738726,1,0.0197112,1079,0,40,dynamic
2025-06-01-13:03:35,linOct,Point,MortonEncoder3D,721810646,neighborsPrune,Circle,0.1,10000,random,5,1.18786,0.237573,0.237111,0.0015508,1,0.23615,9307,0,40,dynamic
2025-06-01-13:03:35,linOct,Point,MortonEncoder3D,721810646,neighborsPrune,Sphere,0.1,10000,random,5,0.0695451,0.013909,0.0138179,0.000315507,1,0.013741,768,0,40,dynamic
2025-06-01-13:03:37,linOct,Point,MortonEncoder3D,721810646,neighborsPrune,Square,0.1,10000,random,5,1.23944,0.247887,0.248373,0.00178833,1,0.246426,11141,0,40,dynamic
2025-06-01-13:03:37,linOct,Point,MortonEncoder3D,721810646,neighborsPrune,Cube,0.1,10000,random,5,0.0753435,0.0150687,0.0150696,0.000182826,1,0.0150475,1079,0,40,dynamic
2025-06-01-13:03:38,linOct,Point,MortonEncoder3D,721810646,neighborsStruct,Circle,0.1,10000,random,5,1.11687,0.223374,0.222648,0.00125821,1,0.221116,9307,0,40,dynamic
2025-06-01-13:03:38,linOct,Point,MortonEncoder3D,721810646,neighborsStruct,Sphere,0.1,10000,random,5,0.0678025,0.0135605,0.0135415,0.00013203,1,0.0134477,768,0,40,dynamic
2025-06-01-13:03:40,linOct,Point,MortonEncoder3D,721810646,neighborsStruct,Square,0.1,10000,random,5,1.13474,0.226947,0.226841,0.000531682,1,0.22599,11141,0,40,dynamic
2025-06-01-13:03:40,linOct,Point,MortonEncoder3D,721810646,neighborsStruct,Cube,0.1,10000,random,5,0.0723492,0.0144698,0.0144676,7.81395e-05,1,0.0144702,1079,0,40,dynamic
2025-06-01-13:03:43,linOct,Point,MortonEncoder3D,721810646,neighbors,Circle,0.2,10000,random,5,2.83601,0.567202,0.565065,0.00937189,1,0.564398,26055,0,40,dynamic
2025-06-01-13:03:43,linOct,Point,MortonEncoder3D,721810646,neighbors,Sphere,0.2,10000,random,5,0.284409,0.0568819,0.0564083,0.00168408,1,0.0558679,2963,0,40,dynamic
2025-06-01-13:03:47,linOct,Point,MortonEncoder3D,721810646,neighbors,Square,0.2,10000,random,5,2.8747,0.574939,0.575455,0.00572691,1,0.570793,30956,0,40,dynamic
2025-06-01-13:03:47,linOct,Point,MortonEncoder3D,721810646,neighbors,Cube,0.2,10000,random,5,0.287714,0.0575428,0.0572291,0.000932415,1,0.0565848,4052,0,40,dynamic
2025-06-01-13:03:50,linOct,Point,MortonEncoder3D,721810646,neighborsPrune,Circle,0.2,10000,random,5,2.00266,0.400531,0.399404,0.0031816,1,0.398997,26055,0,40,dynamic
2025-06-01-13:03:50,linOct,Point,MortonEncoder3D,721810646,neighborsPrune,Sphere,0.2,10000,random,5,0.151476,0.0302952,0.0301276,0.000312643,1,0.0301295,2963,0,40,dynamic
2025-06-01-13:03:52,linOct,Point,MortonEncoder3D,721810646,neighborsPrune,Square,0.2,10000,random,5,2.09386,0.418773,0.419858,0.00275638,1,0.418144,30956,0,40,dynamic
2025-06-01-13:03:53,linOct,Point,MortonEncoder3D,721810646,neighborsPrune,Cube,0.2,10000,random,5,0.166238,0.0332476,0.0330932,0.000377347,1,0.0331697,4052,0,40,dynamic
2025-06-01-13:03:55,linOct,Point,MortonEncoder3D,721810646,neighborsStruct,Circle,0.2,10000,random,5,1.78524,0.357047,0.35698,0.00164098,1,0.357569,26055,0,40,dynamic
2025-06-01-13:03:55,linOct,Point,MortonEncoder3D,721810646,neighborsStruct,Sphere,0.2,10000,random,5,0.144729,0.0289459,0.0289883,0.000159363,1,0.0286612,2963,0,40,dynamic
2025-06-01-13:03:57,linOct,Point,MortonEncoder3D,721810646,neighborsStruct,Square,0.2,10000,random,5,1.79928,0.359856,0.359482,0.00124584,1,0.358369,30956,0,40,dynamic
2025-06-01-13:03:57,linOct,Point,MortonEncoder3D,721810646,neighborsStruct,Cube,0.2,10000,random,5,0.153423,0.0306846,0.0307448,0.00019236,1,0.0306068,4052,0,40,dynamic
2025-06-01-13:05:13,unibnOctree,Point,MortonEncoder3D,721810646,neighborsUnibn,Sphere,0.01,10000,random,5,0.0166638,0.00333276,0.00331668,6.05137e-05,1,0.00354073,7,0,40,dynamic
2025-06-01-13:05:13,unibnOctree,Point,MortonEncoder3D,721810646,neighborsUnibn,Cube,0.01,10000,random,5,0.0174841,0.00349683,0.00348865,1.80133e-05,1,0.00345681,11,0,40,dynamic
2025-06-01-13:05:13,unibnOctree,Point,MortonEncoder3D,721810646,neighborsUnibn,Sphere,0.05,10000,random,5,0.044802,0.00896041,0.00892352,9.84358e-05,1,0.00879516,193,0,40,dynamic
2025-06-01-13:05:13,unibnOctree,Point,MortonEncoder3D,721810646,neighborsUnibn,Cube,0.05,10000,random,5,0.0487141,0.00974281,0.00973648,0.000113848,1,0.00971031,276,0,40,dynamic
2025-06-01-13:05:13,unibnOctree,Point,MortonEncoder3D,721810646,neighborsUnibn,Sphere,0.1,10000,random,5,0.089489,0.0178978,0.0177959,0.000254388,1,0.0176066,768,0,40,dynamic
2025-06-01-13:05:13,unibnOctree,Point,MortonEncoder3D,721810646,neighborsUnibn,Cube,0.1,10000,random,5,0.098447,0.0196894,0.0196296,0.000219244,1,0.0194232,1079,0,40,dynamic
2025-06-01-13:05:14,unibnOctree,Point,MortonEncoder3D,721810646,neighborsUnibn,Sphere,0.2,10000,random,5,0.194355,0.038871,0.0387681,0.000323354,1,0.0379713,2963,0,40,dynamic
2025-06-01-13:05:14,unibnOctree,Point,MortonEncoder3D,721810646,neighborsUnibn,Cube,0.2,10000,random,5,0.21488,0.0429759,0.0431868,0.000369577,1,0.0422954,4052,0,40,dynamic
2025-06-01-13:09:43,pclKD,PCLPointXYZ,MortonEncoder3D,721810646,neighborsPclKD,Sphere,0.01,10000,random,5,0.0655515,0.0131103,0.0129468,0.000617885,1,0.0148661,165,0,40,dynamic
2025-06-01-13:09:43,pclKD,PCLPointXYZ,MortonEncoder3D,721810646,neighborsPclKD,Sphere,0.05,10000,random,5,0.0996748,0.019935,0.0204972,0.00117844,1,0.0208858,482,0,40,dynamic
2025-06-01-13:09:43,pclKD,PCLPointXYZ,MortonEncoder3D,721810646,neighborsPclKD,Sphere,0.1,10000,random,5,0.271333,0.0542665,0.0528754,0.00402965,1,0.0519842,1673,0,40,dynamic
2025-06-01-13:09:44,pclKD,PCLPointXYZ,MortonEncoder3D,721810646,neighborsPclKD,Sphere,0.2,10000,random,5,0.683202,0.13664,0.134479,0.00751091,1,0.132125,4299,0,40,dynamic
2025-06-01-13:15:50,ptrOct,Point,HilbertEncoder3D,721810646,neighborsPtr,Circle,0.01,10000,random,5,0.719324,0.143865,0.138982,0.00887338,1,0.231015,204,0,40,dynamic
2025-06-01-13:15:50,ptrOct,Point,HilbertEncoder3D,721810646,neighborsPtr,Sphere,0.01,10000,random,5,0.0203503,0.00407005,0.00407335,1.5227e-05,1,0.00422686,7,0,40,dynamic
2025-06-01-13:15:51,ptrOct,Point,HilbertEncoder3D,721810646,neighborsPtr,Square,0.01,10000,random,5,0.674879,0.134976,0.135674,0.00129842,1,0.136159,248,0,40,dynamic
2025-06-01-13:15:51,ptrOct,Point,HilbertEncoder3D,721810646,neighborsPtr,Cube,0.01,10000,random,5,0.0203313,0.00406626,0.00407251,2.05085e-05,1,0.00415203,11,0,40,dynamic
2025-06-01-13:15:53,ptrOct,Point,HilbertEncoder3D,721810646,neighborsPtr,Circle,0.05,10000,random,5,1.24956,0.249912,0.253668,0.00604307,1,0.250186,3174,0,40,dynamic
2025-06-01-13:15:53,ptrOct,Point,HilbertEncoder3D,721810646,neighborsPtr,Sphere,0.05,10000,random,5,0.065803,0.0131606,0.0132304,0.000123479,1,0.0131579,190,0,40,dynamic
2025-06-01-13:15:54,ptrOct,Point,HilbertEncoder3D,721810646,neighborsPtr,Square,0.05,10000,random,5,1.24815,0.249631,0.24921,0.00454139,1,0.24993,3847,0,40,dynamic
2025-06-01-13:15:54,ptrOct,Point,HilbertEncoder3D,721810646,neighborsPtr,Cube,0.05,10000,random,5,0.0663629,0.0132726,0.0133362,0.0001663,1,0.0132322,274,0,40,dynamic
2025-06-01-13:15:57,ptrOct,Point,HilbertEncoder3D,721810646,neighborsPtr,Circle,0.1,10000,random,5,2.07741,0.415481,0.416457,0.00670458,1,0.415982,9389,0,40,dynamic
2025-06-01-13:15:57,ptrOct,Point,HilbertEncoder3D,721810646,neighborsPtr,Sphere,0.1,10000,random,5,0.1568,0.03136,0.0313075,0.000765181,1,0.0315264,757,0,40,dynamic
2025-06-01-13:16:00,ptrOct,Point,HilbertEncoder3D,721810646,neighborsPtr,Square,0.1,10000,random,5,2.0989,0.41978,0.419737,0.00672251,1,0.420578,11238,0,40,dynamic
2025-06-01-13:16:00,ptrOct,Point,HilbertEncoder3D,721810646,neighborsPtr,Cube,0.1,10000,random,5,0.159105,0.031821,0.0316529,0.000763086,1,0.0315618,1066,0,40,dynamic
2025-06-01-13:16:05,ptrOct,Point,HilbertEncoder3D,721810646,neighborsPtr,Circle,0.2,10000,random,5,4.03591,0.807181,0.812244,0.0108518,1,0.810045,26521,0,40,dynamic
2025-06-01-13:16:05,ptrOct,Point,HilbertEncoder3D,721810646,neighborsPtr,Sphere,0.2,10000,random,5,0.437768,0.0875535,0.0877279,0.00148768,1,0.0870292,2933,0,40,dynamic
2025-06-01-13:16:10,ptrOct,Point,HilbertEncoder3D,721810646,neighborsPtr,Square,0.2,10000,random,5,4.09292,0.818584,0.822352,0.0117434,1,0.822116,31490,0,40,dynamic
2025-06-01-13:16:11,ptrOct,Point,HilbertEncoder3D,721810646,neighborsPtr,Cube,0.2,10000,random,5,0.445588,0.0891175,0.0897652,0.0017323,1,0.088159,4010,0,40,dynamic
2025-06-01-13:16:32,linOct,Point,HilbertEncoder3D,721810646,neighbors,Circle,0.01,10000,random,5,0.445763,0.0891525,0.0892123,0.000863122,1,0.0916041,204,0,40,dynamic
2025-06-01-13:16:32,linOct,Point,HilbertEncoder3D,721810646,neighbors,Sphere,0.01,10000,random,5,0.0122879,0.00245759,0.00245269,1.42914e-05,1,0.00254808,7,0,40,dynamic
2025-06-01-13:16:32,linOct,Point,HilbertEncoder3D,721810646,neighbors,Square,0.01,10000,random,5,0.457283,0.0914566,0.0913619,0.000996404,1,0.09189,248,0,40,dynamic
2025-06-01-13:16:32,linOct,Point,HilbertEncoder3D,721810646,neighbors,Cube,0.01,10000,random,5,0.0125823,0.00251646,0.00251569,5.9537e-06,1,0.00259331,11,0,40,dynamic
2025-06-01-13:16:33,linOct,Point,HilbertEncoder3D,721810646,neighborsPrune,Circle,0.01,10000,random,5,0.424855,0.0849709,0.0846356,0.00098451,1,0.086133,204,0,40,dynamic
2025-06-01-13:16:33,linOct,Point,HilbertEncoder3D,721810646,neighborsPrune,Sphere,0.01,10000,random,5,0.0118701,0.00237401,0.00236516,3.47984e-05,1,0.00244314,7,0,40,dynamic
2025-06-01-13:16:33,linOct,Point,HilbertEncoder3D,721810646,neighborsPrune,Square,0.01,10000,random,5,0.448324,0.0896647,0.0898618,0.00101398,1,0.089972,248,0,40,dynamic
2025-06-01-13:16:33,linOct,Point,HilbertEncoder3D,721810646,neighborsPrune,Cube,0.01,10000,random,5,0.0123741,0.00247482,0.00247499,4.96081e-06,1,0.00254963,11,0,40,dynamic
2025-06-01-13:16:34,linOct,Point,HilbertEncoder3D,721810646,neighborsStruct,Circle,0.01,10000,random,5,0.420545,0.0841091,0.0839021,0.000813649,1,0.0847508,204,0,40,dynamic
2025-06-01-13:16:34,linOct,Point,HilbertEncoder3D,721810646,neighborsStruct,Sphere,0.01,10000,random,5,0.0123111,0.00246223,0.00242967,7.35258e-05,1,0.00253708,7,0,40,dynamic
2025-06-01-13:16:34,linOct,Point,HilbertEncoder3D,721810646,neighborsStruct,Square,0.01,10000,random,5,0.433303,0.0866605,0.08645,0.000732913,1,0.0866998,248,0,40,dynamic
2025-06-01-13:16:35,linOct,Point,HilbertEncoder3D,721810646,neighborsStruct,Cube,0.01,10000,random,5,0.0127778,0.00255556,0.00255341,6.1677e-06,1,0.00263412,11,0,40,dynamic
2025-06-01-13:16:36,linOct,Point,HilbertEncoder3D,721810646,neighbors,Circle,0.05,10000,random,5,0.84601,0.169202,0.169813,0.0036367,1,0.17016,3174,0,40,dynamic
2025-06-01-13:16:36,linOct,Point,HilbertEncoder3D,721810646,neighbors,Sphere,0.05,10000,random,5,0.0413305,0.0082661,0.00827888,9.81285e-05,1,0.00822584,190,0,40,dynamic
2025-06-01-13:16:37,linOct,Point,HilbertEncoder3D,721810646,neighbors,Square,0.05,10000,random,5,0.868543,0.173709,0.174607,0.00290915,1,0.17459,3847,0,40,dynamic
2025-06-01-13:16:37,linOct,Point,HilbertEncoder3D,721810646,neighbors,Cube,0.05,10000,random,5,0.0419979,0.00839959,0.00842089,8.67469e-05,1,0.0084295,274,0,40,dynamic
2025-06-01-13:16:38,linOct,Point,HilbertEncoder3D,721810646,neighborsPrune,Circle,0.05,10000,random,5,0.767728,0.153546,0.154404,0.00220989,1,0.152732,3174,0,40,dynamic
2025-06-01-13:16:38,linOct,Point,HilbertEncoder3D,721810646,neighborsPrune,Sphere,0.05,10000,random,5,0.0342701,0.00685403,0.0068572,6.22668e-05,1,0.00689945,190,0,40,dynamic
2025-06-01-13:16:39,linOct,Point,HilbertEncoder3D,721810646,neighborsPrune,Square,0.05,10000,random,5,0.80909,0.161818,0.162881,0.0020968,1,0.160935,3847,0,40,dynamic
2025-06-01-13:16:39,linOct,Point,HilbertEncoder3D,721810646,neighborsPrune,Cube,0.05,10000,random,5,0.0375415,0.0075083,0.00750213,3.78238e-05,1,0.0098027,274,0,40,dynamic
2025-06-01-13:16:40,linOct,Point,HilbertEncoder3D,721810646,neighborsStruct,Circle,0.05,10000,random,5,0.732027,0.146405,0.146875,0.00184719,1,0.147379,3174,0,40,dynamic
2025-06-01-13:16:40,linOct,Point,HilbertEncoder3D,721810646,neighborsStruct,Sphere,0.05,10000,random,5,0.0341154,0.00682308,0.00682637,3.63709e-05,1,0.00686582,190,0,40,dynamic
2025-06-01-13:16:40,linOct,Point,HilbertEncoder3D,721810646,neighborsStruct,Square,0.05,10000,random,5,0.752782,0.150556,0.150815,0.00207507,1,0.151576,3847,0,40,dynamic
2025-06-01-13:16:41,linOct,Point,HilbertEncoder3D,721810646,neighborsStruct,Cube,0.05,10000,random,5,0.0368711,0.00737423,0.0073608,3.45541e-05,1,0.00745904,274,0,40,dynamic
2025-06-01-13:16:42,linOct,Point,HilbertEncoder3D,721810646,neighbors,Circle,0.1,10000,random,5,1.44203,0.288405,0.290047,0.00399735,1,0.289985,9389,0,40,dynamic
2025-06-01-13:16:42,linOct,Point,HilbertEncoder3D,721810646,neighbors,Sphere,0.1,10000,random,5,0.104156,0.0208313,0.0206201,0.00045509,1,0.020538,757,0,40,dynamic
2025-06-01-13:16:44,linOct,Point,HilbertEncoder3D,721810646,neighbors,Square,0.1,10000,random,5,1.48275,0.29655,0.298876,0.00526805,1,0.298537,11238,0,40,dynamic
2025-06-01-13:16:44,linOct,Point,HilbertEncoder3D,721810646,neighbors,Cube,0.1,10000,random,5,0.105449,0.0210898,0.0211074,0.000171291,1,0.0209958,1066,0,40,dynamic
2025-06-01-13:16:46,linOct,Point,HilbertEncoder3D,721810646,neighborsPrune,Circle,0.1,10000,random,5,1.18793,0.237585,0.238521,0.00281758,1,0.24261,9389,0,40,dynamic
2025-06-01-13:16:46,linOct,Point,HilbertEncoder3D,721810646,neighborsPrune,Sphere,0.1,10000,random,5,0.0708633,0.0141727,0.0142629,0.000151749,1,0.0143241,757,0,40,dynamic
2025-06-01-13:16:47,linOct,Point,HilbertEncoder3D,721810646,neighborsPrune,Square,0.1,10000,random,5,1.24444,0.248889,0.250024,0.00318897,1,0.252956,11238,0,40,dynamic
2025-06-01-13:16:47,linOct,Point,HilbertEncoder3D,721810646,neighborsPrune,Cube,0.1,10000,random,5,0.0770726,0.0154145,0.0154091,6.88596e-05,1,0.0154701,1066,0,40,dynamic
2025-06-01-13:16:49,linOct,Point,HilbertEncoder3D,721810646,neighborsStruct,Circle,0.1,10000,random,5,1.09441,0.218882,0.217294,0.00279707,1,0.221256,9389,0,40,dynamic
2025-06-01-13:16:49,linOct,Point,HilbertEncoder3D,721810646,neighborsStruct,Sphere,0.1,10000,random,5,0.068104,0.0136208,0.0136328,5.21547e-05,1,0.0136108,757,0,40,dynamic
2025-06-01-13:16:50,linOct,Point,HilbertEncoder3D,721810646,neighborsStruct,Square,0.1,10000,random,5,1.11694,0.223389,0.223826,0.00264302,1,0.226315,11238,0,40,dynamic
2025-06-01-13:16:50,linOct,Point,HilbertEncoder3D,721810646,neighborsStruct,Cube,0.1,10000,random,5,0.0724466,0.0144893,0.0144867,3.05652e-05,1,0.014411,1066,0,40,dynamic
2025-06-01-13:16:54,linOct,Point,HilbertEncoder3D,721810646,neighbors,Circle,0.2,10000,random,5,2.84798,0.569596,0.576385,0.0102074,1,0.57077,26521,0,40,dynamic
2025-06-01-13:16:54,linOct,Point,HilbertEncoder3D,721810646,neighbors,Sphere,0.2,10000,random,5,0.29023,0.058046,0.0580622,0.000406608,1,0.0583804,2933,0,40,dynamic
2025-06-01-13:16:58,linOct,Point,HilbertEncoder3D,721810646,neighbors,Square,0.2,10000,random,5,2.92414,0.584827,0.58995,0.00929294,1,0.590698,31490,0,40,dynamic
2025-06-01-13:16:58,linOct,Point,HilbertEncoder3D,721810646,neighbors,Cube,0.2,10000,random,5,0.295887,0.0591774,0.059147,0.000643656,1,0.0589185,4010,0,40,dynamic
2025-06-01-13:17:00,linOct,Point,HilbertEncoder3D,721810646,neighborsPrune,Circle,0.2,10000,random,5,2.02104,0.404209,0.403632,0.00457033,1,0.40785,26521,0,40,dynamic
2025-06-01-13:17:00,linOct,Point,HilbertEncoder3D,721810646,neighborsPrune,Sphere,0.2,10000,random,5,0.153392,0.0306785,0.0306183,0.000174279,1,0.0308201,2933,0,40,dynamic
2025-06-01-13:17:03,linOct,Point,HilbertEncoder3D,721810646,neighborsPrune,Square,0.2,10000,random,5,2.1145,0.4229,0.423161,0.00564679,1,0.425298,31490,0,40,dynamic
2025-06-01-13:17:03,linOct,Point,HilbertEncoder3D,721810646,neighborsPrune,Cube,0.2,10000,random,5,0.165352,0.0330703,0.0330368,0.000293913,1,0.0331036,4010,0,40,dynamic
2025-06-01-13:17:05,linOct,Point,HilbertEncoder3D,721810646,neighborsStruct,Circle,0.2,10000,random,5,1.75271,0.350542,0.350846,0.00394896,1,0.356587,26521,0,40,dynamic
2025-06-01-13:17:05,linOct,Point,HilbertEncoder3D,721810646,neighborsStruct,Sphere,0.2,10000,random,5,0.142632,0.0285265,0.0285063,0.000127274,1,0.0283601,2933,0,40,dynamic
2025-06-01-13:17:08,linOct,Point,HilbertEncoder3D,721810646,neighborsStruct,Square,0.2,10000,random,5,1.7639,0.352779,0.352822,0.00334807,1,0.356817,31490,0,40,dynamic
2025-06-01-13:17:08,linOct,Point,HilbertEncoder3D,721810646,neighborsStruct,Cube,0.2,10000,random,5,0.14951,0.029902,0.0299316,0.000125574,1,0.0297764,4010,0,40,dynamic
2025-06-01-13:18:24,unibnOctree,Point,HilbertEncoder3D,721810646,neighborsUnibn,Sphere,0.01,10000,random,5,0.0162731,0.00325462,0.00323424,4.41171e-05,1,0.00351706,7,0,40,dynamic
2025-06-01-13:18:24,unibnOctree,Point,HilbertEncoder3D,721810646,neighborsUnibn,Cube,0.01,10000,random,5,0.0170937,0.00341875,0.00341524,1.23397e-05,1,0.00330245,11,0,40,dynamic
2025-06-01-13:18:24,unibnOctree,Point,HilbertEncoder3D,721810646,neighborsUnibn,Sphere,0.05,10000,random,5,0.0434828,0.00869655,0.00865615,8.82141e-05,1,0.00857935,190,0,40,dynamic
2025-06-01-13:18:24,unibnOctree,Point,HilbertEncoder3D,721810646,neighborsUnibn,Cube,0.05,10000,random,5,0.0471013,0.00942025,0.00940159,5.92789e-05,1,0.0094751,274,0,40,dynamic
2025-06-01-13:18:24,unibnOctree,Point,HilbertEncoder3D,721810646,neighborsUnibn,Sphere,0.1,10000,random,5,0.0874237,0.0174847,0.0175548,0.000195623,1,0.0173339,757,0,40,dynamic
2025-06-01-13:18:24,unibnOctree,Point,HilbertEncoder3D,721810646,neighborsUnibn,Cube,0.1,10000,random,5,0.0951631,0.0190326,0.0190366,0.000120996,1,0.0189431,1066,0,40,dynamic
2025-06-01-13:18:25,unibnOctree,Point,HilbertEncoder3D,721810646,neighborsUnibn,Sphere,0.2,10000,random,5,0.19049,0.038098,0.0376632,0.000724424,1,0.037579,2933,0,40,dynamic
2025-06-01-13:18:25,unibnOctree,Point,HilbertEncoder3D,721810646,neighborsUnibn,Cube,0.2,10000,random,5,0.207553,0.0415107,0.0414697,0.000261295,1,0.041162,4010,0,40,dynamic
2025-06-01-13:22:47,pclKD,PCLPointXYZ,HilbertEncoder3D,721810646,neighborsPclKD,Sphere,0.01,10000,random,5,0.0774141,0.0154828,0.0158949,0.00154597,1,0.0206749,160,0,40,dynamic
2025-06-01-13:22:48,pclKD,PCLPointXYZ,HilbertEncoder3D,721810646,neighborsPclKD,Sphere,0.05,10000,random,5,0.0961706,0.0192341,0.0197626,0.00205133,1,0.0217335,472,0,40,dynamic
2025-06-01-13:22:48,pclKD,PCLPointXYZ,HilbertEncoder3D,721810646,neighborsPclKD,Sphere,0.1,10000,random,5,0.276051,0.0552103,0.0553211,0.00125351,1,0.0548457,1651,0,40,dynamic
2025-06-01-13:22:49,pclKD,PCLPointXYZ,HilbertEncoder3D,721810646,neighborsPclKD,Sphere,0.2,10000,random,5,0.693103,0.138621,0.137997,0.00440098,1,0.13718,4233,0,40,dynamic
2025-06-02-18:18:39,pclOct,PCLPointXYZ,NoEncoding,721810646,neighborsPclOct,Sphere,0.01,10000,random,5,0.0802897,0.0160579,0.0163753,0.0024876,1,0.022861,157,0,40,dynamic
2025-06-02-18:18:39,pclOct,PCLPointXYZ,NoEncoding,721810646,neighborsPclOct,Sphere,0.05,10000,random,5,0.0787263,0.0157453,0.01591,0.000719129,1,0.0158176,459,0,40,dynamic
2025-06-02-18:18:39,pclOct,PCLPointXYZ,NoEncoding,721810646,neighborsPclOct,Sphere,0.1,10000,random,5,0.148225,0.0296449,0.0305053,0.00209405,1,0.0312877,1603,0,40,dynamic
2025-06-02-18:18:39,pclOct,PCLPointXYZ,NoEncoding,721810646,neighborsPclOct,Sphere,0.2,10000,random,5,0.273802,0.0547605,0.0551796,0.00331614,1,0.0550325,4155,0,40,dynamic
2025-06-02-18:23:33,pclOct,PCLPointXYZ,MortonEncoder3D,721810646,neighborsPclOct,Sphere,0.01,10000,random,5,0.0746213,0.0149243,0.0128668,0.00495303,1,0.0500216,165,0,40,dynamic
2025-06-02-18:23:33,pclOct,PCLPointXYZ,MortonEncoder3D,721810646,neighborsPclOct,Sphere,0.05,10000,random,5,0.0701033,0.0140207,0.0139144,0.000452753,1,0.0141185,482,0,40,dynamic
2025-06-02-18:23:33,pclOct,PCLPointXYZ,MortonEncoder3D,721810646,neighborsPclOct,Sphere,0.1,10000,random,5,0.12588,0.0251759,0.024733,0.00103984,1,0.0252389,1673,0,40,dynamic
2025-06-02-18:23:34,pclOct,PCLPointXYZ,MortonEncoder3D,721810646,neighborsPclOct,Sphere,0.2,10000,random,5,0.225078,0.0450157,0.0443403,0.00122758,1,0.0461092,4299,0,40,dynamic
2025-06-02-18:28:50,pclOct,PCLPointXYZ,HilbertEncoder3D,721810646,neighborsPclOct,Sphere,0.01,10000,random,5,0.0497267,0.00994533,0.00991706,7.97557e-05,1,0.0102594,160,0,40,dynamic
2025-06-02-18:28:51,pclOct,PCLPointXYZ,HilbertEncoder3D,721810646,neighborsPclOct,Sphere,0.05,10000,random,5,0.0671701,0.013434,0.0134749,0.000247031,1,0.0128692,472,0,40,dynamic
2025-06-02-18:28:51,pclOct,PCLPointXYZ,HilbertEncoder3D,721810646,neighborsPclOct,Sphere,0.1,10000,random,5,0.119189,0.0238378,0.0238333,0.000169879,1,0.0231511,1651,0,40,dynamic
2025-06-02-18:28:51,pclOct,PCLPointXYZ,HilbertEncoder3D,721810646,neighborsPclOct,Sphere,0.2,10000,random,5,0.228541,0.0457082,0.0455706,0.000924125,1,0.0455183,4233,0,40,dynamic
2025-11-05-19:46:10,nanoKD,PointsAoS,HilbertEncoder3D,721810646,neighborsNanoflann,Sphere,0.01,5000,random,5,0.0628788,0.0125758,0.0136587,0.00633589,1,0.0515471,7,0,40,dynamic
2025-11-05-19:46:10,nanoKD,PointsAoS,HilbertEncoder3D,721810646,neighborsNanoflann,Sphere,0.05,5000,random,5,0.0624008,0.0124802,0.0141162,0.00401166,1,0.015963,182,0,40,dynamic
2025-11-05-19:46:10,nanoKD,PointsAoS,HilbertEncoder3D,721810646,neighborsNanoflann,Sphere,0.1,5000,random,5,0.104612,0.0209223,0.0229888,0.00511347,1,0.0234256,723,0,40,dynamic
2025-11-05-19:46:11,nanoKD,PointsAoS,HilbertEncoder3D,721810646,neighborsNanoflann,Sphere,0.2,5000,random,5,0.245104,0.0490209,0.0537185,0.0110354,1,0.0535788,2825,0,40,dynamic
2025-12-07-21:50:08,picoTree,PointsAoS,HilbertEncoder3D,721810646,neighborsPico,Sphere,0.01,5000,random,5,0.0266915,0.0053383,0.00596275,0.000917472,1,0.00501662,7,0,40,dynamic
2025-12-07-21:50:08,picoTree,PointsAoS,HilbertEncoder3D,721810646,neighborsPico,Sphere,0.05,5000,random,5,0.0282525,0.0056505,0.00556572,0.000579286,1,0.00572053,182,0,40,dynamic
2025-12-07-21:50:08,picoTree,PointsAoS,HilbertEncoder3D,721810646,neighborsPico,Sphere,0.1,5000,random,5,0.067619,0.0135238,0.0137839,0.00151871,1,0.0112435,723,0,40,dynamic
2025-12-07-21:50:08,picoTree,PointsAoS,HilbertEncoder3D,721810646,neighborsPico,Sphere,0.2,5000,random,5,0.174939,0.0349879,0.0361176,0.00251825,1,0.0289325,2825,0,40,dynamic
