date,octree,point_type,encoder,npoints,operation,kernel,radius,num_searches,sequential_searches,repeats,accumulated,mean,median,stdev,used_warmup,warmup_time,avg_result_size,tolerance_percentage,openmp_threads,openmp_schedule,l1d_miss,l2d_miss,l3_miss
2025-07-09-14:47:28,Octree,Point,NoEncoding,10000000,neighborsPtr,circle,0.5,10000,random,5,2.26413,0.452826,0.448426,0.0111636,1,0.529663,13555,0,40,dynamic,17794690,17270164,13497468
2025-07-09-14:47:35,Octree,Point,NoEncoding,10000000,neighborsPtr,circle,1,10000,random,5,5.42421,1.08484,1.08628,0.0124908,1,1.13792,42141,0,40,dynamic,44773901,44182803,33307030
2025-07-09-14:47:52,Octree,Point,NoEncoding,10000000,neighborsPtr,circle,2,10000,random,5,14.3816,2.87632,2.87989,0.117081,1,3.08243,134883,0,40,dynamic,121261550,121411696,92130685
2025-07-09-14:48:23,Octree,Point,NoEncoding,10000000,neighborsPtr,circle,3,10000,random,5,25.1125,5.0225,4.99245,0.0579028,1,5.19148,269184,0,40,dynamic,234109085,236918853,180336028
2025-07-09-14:48:23,Octree,Point,NoEncoding,10000000,neighborsPtr,sphere,0.5,10000,random,5,0.652218,0.130444,0.130632,0.00120189,1,0.133854,4998,0,40,dynamic,8174989,7272428,5245703
2025-07-09-14:48:26,Octree,Point,NoEncoding,10000000,neighborsPtr,sphere,1,10000,random,5,2.21179,0.442358,0.441849,0.00324853,1,0.444863,20152,0,40,dynamic,28463167,25987439,17261384
2025-07-09-14:48:36,Octree,Point,NoEncoding,10000000,neighborsPtr,sphere,2,10000,random,5,8.39397,1.67879,1.68063,0.0129648,1,1.67657,80850,0,40,dynamic,98471933,90940939,60136250
2025-07-09-14:48:58,Octree,Point,NoEncoding,10000000,neighborsPtr,sphere,3,10000,random,5,17.8841,3.57682,3.57403,0.0246298,1,3.66813,179478,0,40,dynamic,202428451,187473475,129815457
2025-07-09-14:49:00,Octree,Point,NoEncoding,10000000,neighborsPtr,square,0.5,10000,random,5,1.71011,0.342023,0.342509,0.00280524,1,0.347635,16598,0,40,dynamic,18358770,17914695,13382476
2025-07-09-14:49:05,Octree,Point,NoEncoding,10000000,neighborsPtr,square,1,10000,random,5,4.39327,0.878654,0.88044,0.00579856,1,0.88593,51975,0,40,dynamic,45866639,45525722,33592695
2025-07-09-14:49:20,Octree,Point,NoEncoding,10000000,neighborsPtr,square,2,10000,random,5,12.7141,2.54283,2.54011,0.0192172,1,2.59725,166846,0,40,dynamic,123451177,125414159,93431479
2025-07-09-14:49:50,Octree,Point,NoEncoding,10000000,neighborsPtr,square,3,10000,random,5,24.4829,4.89657,4.91151,0.0278739,1,4.92367,333114,0,40,dynamic,199176719,202640403,154601241
2025-07-09-14:49:51,Octree,Point,NoEncoding,10000000,neighborsPtr,cube,0.5,10000,random,5,0.6811,0.13622,0.1363,0.00119827,1,0.135012,6656,0,40,dynamic,8285654,7360366,4966858
2025-07-09-14:49:53,Octree,Point,NoEncoding,10000000,neighborsPtr,cube,1,10000,random,5,2.22538,0.445075,0.443895,0.00329288,1,0.445652,26986,0,40,dynamic,27416680,24923826,16317082
2025-07-09-14:50:03,Octree,Point,NoEncoding,10000000,neighborsPtr,cube,2,10000,random,5,8.48377,1.69675,1.69184,0.0118748,1,1.69264,108549,0,40,dynamic,95954985,88078425,59823175
2025-07-09-14:50:25,Octree,Point,NoEncoding,10000000,neighborsPtr,cube,3,10000,random,5,18.2552,3.65104,3.65167,0.0293118,1,3.69092,241578,0,40,dynamic,100724024,92533841,63001637
2025-07-09-14:50:27,UnibnOctree,Point,NoEncoding,10000000,neighborsUnibn,sphere,0.5,10000,random,5,0.416003,0.0832006,0.0833302,0.00141328,1,0.0891041,4998,0,40,dynamic,2479053,1950957,1312921
2025-07-09-14:50:28,UnibnOctree,Point,NoEncoding,10000000,neighborsUnibn,sphere,1,10000,random,5,0.936555,0.187311,0.1872,0.00109589,1,0.190064,20152,0,40,dynamic,6558556,5184032,2922848
2025-07-09-14:50:31,UnibnOctree,Point,NoEncoding,10000000,neighborsUnibn,sphere,2,10000,random,5,2.46503,0.493006,0.492439,0.00252805,1,0.494252,80850,0,40,dynamic,20600514,16387720,7770689
2025-07-09-14:50:37,UnibnOctree,Point,NoEncoding,10000000,neighborsUnibn,sphere,3,10000,random,5,4.59311,0.918621,0.921664,0.00551442,1,0.92122,179478,0,40,dynamic,39880536,31847182,14865561
2025-07-09-14:50:37,UnibnOctree,Point,NoEncoding,10000000,neighborsUnibn,cube,0.5,10000,random,5,0.443013,0.0886025,0.0889107,0.000509622,1,0.0888602,6656,0,40,dynamic,2665827,2096767,1392013
2025-07-09-14:50:39,UnibnOctree,Point,NoEncoding,10000000,neighborsUnibn,cube,1,10000,random,5,1.08084,0.216168,0.216773,0.00164303,1,0.217375,26986,0,40,dynamic,7792449,6274050,3453137
2025-07-09-14:50:42,UnibnOctree,Point,NoEncoding,10000000,neighborsUnibn,cube,2,10000,random,5,3.00049,0.600098,0.60046,0.00327449,1,0.598939,108549,0,40,dynamic,25737130,20567786,9700486
2025-07-09-14:50:49,UnibnOctree,Point,NoEncoding,10000000,neighborsUnibn,cube,3,10000,random,5,5.73109,1.14622,1.14656,0.00418546,1,1.145,241578,0,40,dynamic,50668088,40200899,18621578
2025-07-09-14:50:53,PCLOctree,Point,NoEncoding,10000000,neighborsPCLOct,sphere,0.5,10000,random,5,0.475588,0.0951177,0.095219,0.00134065,1,0.100184,4998,0,40,dynamic,3844784,2938811,1643566
2025-07-09-14:50:54,PCLOctree,Point,NoEncoding,10000000,neighborsPCLOct,sphere,1,10000,random,5,1.49497,0.298993,0.301346,0.00339314,1,0.304402,20152,0,40,dynamic,13015102,10467620,4910840
2025-07-09-14:51:01,PCLOctree,Point,NoEncoding,10000000,neighborsPCLOct,sphere,2,10000,random,5,5.69731,1.13946,1.1368,0.0087481,1,1.14814,80850,0,40,dynamic,47283836,39891119,18706022
2025-07-09-14:51:17,PCLOctree,Point,NoEncoding,10000000,neighborsPCLOct,sphere,3,10000,random,5,12.8249,2.56497,2.56292,0.0141044,1,2.57614,179478,0,40,dynamic,94447132,80672037,42583201
2025-07-09-14:51:24,PCLKDTree,Point,NoEncoding,10000000,neighborsPCLKD,sphere,0.5,10000,random,5,0.742321,0.148464,0.148188,0.00180415,1,0.149505,4998,0,40,dynamic,4560387,2566391,767383
2025-07-09-14:51:28,PCLKDTree,Point,NoEncoding,10000000,neighborsPCLKD,sphere,1,10000,random,5,3.12043,0.624086,0.623023,0.00567259,1,0.625848,20152,0,40,dynamic,21494323,16128603,3718468
2025-07-09-14:51:44,PCLKDTree,Point,NoEncoding,10000000,neighborsPCLKD,sphere,2,10000,random,5,13.7556,2.75111,2.74145,0.0241761,1,2.74189,80850,0,40,dynamic,95963871,84006860,28090430
2025-07-09-14:52:23,PCLKDTree,Point,NoEncoding,10000000,neighborsPCLKD,sphere,3,10000,random,5,32.4116,6.48231,6.46721,0.0426506,1,6.4798,179478,0,40,dynamic,229890557,211848480,83445757
2025-07-09-14:52:27,NanoflannKDTree,Point,NoEncoding,10000000,neighborsNanoflann,sphere,0.5,10000,random,5,0.557583,0.111517,0.111348,0.000759887,1,0.1133,4998,0,40,dynamic,6608264,5743703,3305377
2025-07-09-14:52:29,NanoflannKDTree,Point,NoEncoding,10000000,neighborsNanoflann,sphere,1,10000,random,5,1.97159,0.394318,0.393322,0.00419438,1,0.396167,20152,0,40,dynamic,17600025,15788647,9275610
2025-07-09-14:52:38,NanoflannKDTree,Point,NoEncoding,10000000,neighborsNanoflann,sphere,2,10000,random,5,7.40865,1.48173,1.47817,0.0117732,1,1.48093,80850,0,40,dynamic,73634398,68447414,43132189
2025-07-09-14:52:57,NanoflannKDTree,Point,NoEncoding,10000000,neighborsNanoflann,sphere,3,10000,random,5,16.0484,3.20968,3.20262,0.0259588,1,3.2161,179478,0,40,dynamic,153094332,144711882,94626235
2025-07-09-14:53:03,Octree,Point,MortonEncoder3D,10000000,neighborsPtr,circle,0.5,10000,random,5,1.80168,0.360336,0.362858,0.00639112,1,0.38209,13370,0,40,dynamic,11023260,14431971,8292050
2025-07-09-14:53:08,Octree,Point,MortonEncoder3D,10000000,neighborsPtr,circle,1,10000,random,5,4.50587,0.901173,0.907467,0.0105327,1,0.91931,41890,0,40,dynamic,29041130,37386084,21245263
2025-07-09-14:53:22,Octree,Point,MortonEncoder3D,10000000,neighborsPtr,circle,2,10000,random,5,11.5979,2.31958,2.35321,0.164471,1,2.5912,134263,0,40,dynamic,81685515,106413842,60603320
2025-07-09-14:53:46,Octree,Point,MortonEncoder3D,10000000,neighborsPtr,circle,3,10000,random,5,19.4673,3.89345,3.91459,0.0439855,1,3.97362,267895,0,40,dynamic,153277053,201806345,117504793
2025-07-09-14:53:46,Octree,Point,MortonEncoder3D,10000000,neighborsPtr,sphere,0.5,10000,random,5,0.439043,0.0878086,0.0879303,0.000527651,1,0.0881928,5014,0,40,dynamic,4135390,5150292,2936351
2025-07-09-14:53:48,Octree,Point,MortonEncoder3D,10000000,neighborsPtr,sphere,1,10000,random,5,1.55377,0.310755,0.310948,0.00233492,1,0.311984,20205,0,40,dynamic,15036119,18857647,10482687
2025-07-09-14:53:55,Octree,Point,MortonEncoder3D,10000000,neighborsPtr,sphere,2,10000,random,5,5.86698,1.1734,1.17414,0.00766433,1,1.17284,80809,0,40,dynamic,52189452,66750827,37970359
2025-07-09-14:54:10,Octree,Point,MortonEncoder3D,10000000,neighborsPtr,sphere,3,10000,random,5,12.6763,2.53525,2.54441,0.0190744,1,2.52365,179052,0,40,dynamic,109419993,142647862,83260787
2025-07-09-14:54:12,Octree,Point,MortonEncoder3D,10000000,neighborsPtr,square,0.5,10000,random,5,1.28996,0.257991,0.259174,0.00236758,1,0.257119,16388,0,40,dynamic,12075617,15672934,8452233
2025-07-09-14:54:16,Octree,Point,MortonEncoder3D,10000000,neighborsPtr,square,1,10000,random,5,3.35008,0.670016,0.669066,0.00650911,1,0.663901,51669,0,40,dynamic,31323256,40039264,21826164
2025-07-09-14:54:28,Octree,Point,MortonEncoder3D,10000000,neighborsPtr,square,2,10000,random,5,9.71994,1.94399,1.94268,0.00357096,1,1.93436,166045,0,40,dynamic,83818957,108608318,61925110
2025-07-09-14:54:50,Octree,Point,MortonEncoder3D,10000000,neighborsPtr,square,3,10000,random,5,18.7353,3.74706,3.74596,0.0182279,1,3.71297,331283,0,40,dynamic,156737368,205685520,118345308
2025-07-09-14:54:51,Octree,Point,MortonEncoder3D,10000000,neighborsPtr,cube,0.5,10000,random,5,0.431841,0.0863681,0.0863137,0.000616521,1,0.0868512,6671,0,40,dynamic,4469146,5430917,2991386
2025-07-09-14:54:52,Octree,Point,MortonEncoder3D,10000000,neighborsPtr,cube,1,10000,random,5,1.54445,0.30889,0.309184,0.00228447,1,0.309111,27041,0,40,dynamic,16036406,19762112,10578906
2025-07-09-14:55:00,Octree,Point,MortonEncoder3D,10000000,neighborsPtr,cube,2,10000,random,5,5.97117,1.19423,1.19685,0.00611635,1,1.18808,108267,0,40,dynamic,54848392,69591206,39502271
2025-07-09-14:55:15,Octree,Point,MortonEncoder3D,10000000,neighborsPtr,cube,3,10000,random,5,13.0036,2.60072,2.6099,0.0193582,1,2.58098,240046,0,40,dynamic,113697079,147386662,86707207
2025-07-09-14:55:16,LinearOctree,Point,MortonEncoder3D,10000000,neighbors,circle,0.5,10000,random,5,0.78341,0.156682,0.15651,0.00139586,1,0.158414,13370,0,40,dynamic,8423801,10313575,5004969
2025-07-09-14:55:19,LinearOctree,Point,MortonEncoder3D,10000000,neighbors,circle,1,10000,random,5,2.05496,0.410992,0.411189,0.0026989,1,0.412345,41890,0,40,dynamic,22253136,26985786,12668956
2025-07-09-14:55:26,LinearOctree,Point,MortonEncoder3D,10000000,neighbors,circle,2,10000,random,5,6.098,1.2196,1.21886,0.00643803,1,1.22206,134263,0,40,dynamic,58524394,72455904,35044497
2025-07-09-14:55:40,LinearOctree,Point,MortonEncoder3D,10000000,neighbors,circle,3,10000,random,5,11.658,2.3316,2.33444,0.0140598,1,2.32392,267895,0,40,dynamic,105319892,132539090,66012105
2025-07-09-14:55:41,LinearOctree,Point,MortonEncoder3D,10000000,neighborsPrune,circle,0.5,10000,random,5,0.530128,0.106026,0.105731,0.00064723,1,0.106716,13370,0,40,dynamic,6119366,7505112,3290514
2025-07-09-14:55:42,LinearOctree,Point,MortonEncoder3D,10000000,neighborsPrune,circle,1,10000,random,5,1.00844,0.201688,0.201538,0.00165873,1,0.201852,41890,0,40,dynamic,12000063,14260075,5840962
2025-07-09-14:55:45,LinearOctree,Point,MortonEncoder3D,10000000,neighborsPrune,circle,2,10000,random,5,2.23779,0.447559,0.446735,0.00319085,1,0.449478,134263,0,40,dynamic,22941401,26987392,11330001
2025-07-09-14:55:49,LinearOctree,Point,MortonEncoder3D,10000000,neighborsPrune,circle,3,10000,random,5,3.77501,0.755003,0.755322,0.00203239,1,0.751986,267895,0,40,dynamic,33882664,40756033,19039410
2025-07-09-14:55:50,LinearOctree,Point,MortonEncoder3D,10000000,neighborsStruct,circle,0.5,10000,random,5,0.47121,0.094242,0.0941065,0.000764513,1,0.0947215,13370,0,40,dynamic,3927908,5493632,3173231
2025-07-09-14:55:51,LinearOctree,Point,MortonEncoder3D,10000000,neighborsStruct,circle,1,10000,random,5,0.775669,0.155134,0.15398,0.00240323,1,0.153763,41890,0,40,dynamic,6221237,8807540,5122685
2025-07-09-14:55:52,LinearOctree,Point,MortonEncoder3D,10000000,neighborsStruct,circle,2,10000,random,5,1.26338,0.252676,0.25283,0.00092767,1,0.253325,134263,0,40,dynamic,10222862,14585564,8598329
2025-07-09-14:55:54,LinearOctree,Point,MortonEncoder3D,10000000,neighborsStruct,circle,3,10000,random,5,1.70283,0.340567,0.340587,0.00140808,1,0.340078,267895,0,40,dynamic,13628731,19430037,11515734
2025-07-09-14:55:55,LinearOctree,Point,MortonEncoder3D,10000000,neighbors,sphere,0.5,10000,random,5,0.249763,0.0499526,0.0497471,0.000427053,1,0.0501969,5014,0,40,dynamic,3050631,3468969,1620835
2025-07-09-14:55:56,LinearOctree,Point,MortonEncoder3D,10000000,neighbors,sphere,1,10000,random,5,0.891501,0.1783,0.177893,0.00171097,1,0.176834,20205,0,40,dynamic,10839357,12617753,5655323
2025-07-09-14:56:00,LinearOctree,Point,MortonEncoder3D,10000000,neighbors,sphere,2,10000,random,5,3.50942,0.701884,0.702663,0.00411211,1,0.69953,80809,0,40,dynamic,36890186,44763200,21342612
2025-07-09-14:56:09,LinearOctree,Point,MortonEncoder3D,10000000,neighbors,sphere,3,10000,random,5,7.67609,1.53522,1.53934,0.00949496,1,1.53028,179052,0,40,dynamic,74931185,92791416,45476644
2025-07-09-14:56:09,LinearOctree,Point,MortonEncoder3D,10000000,neighborsPrune,sphere,0.5,10000,random,5,0.1432,0.02864,0.028678,0.000182565,1,0.0287734,5014,0,40,dynamic,1747450,1850849,838887
2025-07-09-14:56:10,LinearOctree,Point,MortonEncoder3D,10000000,neighborsPrune,sphere,1,10000,random,5,0.353522,0.0707044,0.0707357,0.000377507,1,0.0700352,20205,0,40,dynamic,5252488,5652974,1970635
2025-07-09-14:56:11,LinearOctree,Point,MortonEncoder3D,10000000,neighborsPrune,sphere,2,10000,random,5,1.06036,0.212072,0.212116,0.00174938,1,0.210352,80809,0,40,dynamic,13333057,14858868,5357381
2025-07-09-14:56:14,LinearOctree,Point,MortonEncoder3D,10000000,neighborsPrune,sphere,3,10000,random,5,2.21201,0.442402,0.441281,0.00345448,1,0.440366,179052,0,40,dynamic,22441524,26021600,10944633
2025-07-09-14:56:14,LinearOctree,Point,MortonEncoder3D,10000000,neighborsStruct,sphere,0.5,10000,random,5,0.131678,0.0263356,0.0263543,0.000100297,1,0.0267748,5014,0,40,dynamic,1054457,1392095,872723
2025-07-09-14:56:14,LinearOctree,Point,MortonEncoder3D,10000000,neighborsStruct,sphere,1,10000,random,5,0.283811,0.0567623,0.0566986,0.00020813,1,0.0566252,20205,0,40,dynamic,2261702,3066212,1925832
2025-07-09-14:56:15,LinearOctree,Point,MortonEncoder3D,10000000,neighborsStruct,sphere,2,10000,random,5,0.61635,0.12327,0.123278,0.00103556,1,0.122573,80809,0,40,dynamic,4966157,6859055,4208581
2025-07-09-14:56:16,LinearOctree,Point,MortonEncoder3D,10000000,neighborsStruct,sphere,3,10000,random,5,0.952186,0.190437,0.190645,0.00040489,1,0.189379,179052,0,40,dynamic,7524235,10497600,6578628
2025-07-09-14:56:17,LinearOctree,Point,MortonEncoder3D,10000000,neighbors,square,0.5,10000,random,5,0.765276,0.153055,0.152459,0.00133095,1,0.154778,16388,0,40,dynamic,8708882,10536984,4817673
2025-07-09-14:56:19,LinearOctree,Point,MortonEncoder3D,10000000,neighbors,square,1,10000,random,5,2.03387,0.406774,0.406082,0.00222981,1,0.400574,51669,0,40,dynamic,22252431,27146235,12471843
2025-07-09-14:56:27,LinearOctree,Point,MortonEncoder3D,10000000,neighbors,square,2,10000,random,5,6.03355,1.20671,1.20391,0.00649508,1,1.19634,166045,0,40,dynamic,58473423,73408829,34967927
2025-07-09-14:56:41,LinearOctree,Point,MortonEncoder3D,10000000,neighbors,square,3,10000,random,5,11.6625,2.33249,2.33802,0.0110543,1,2.31812,331283,0,40,dynamic,106519297,135773636,65788523
2025-07-09-14:56:41,LinearOctree,Point,MortonEncoder3D,10000000,neighborsPrune,square,0.5,10000,random,5,0.580973,0.116195,0.116083,0.000937384,1,0.114702,16388,0,40,dynamic,3039317,3742808,1576613
2025-07-09-14:56:43,LinearOctree,Point,MortonEncoder3D,10000000,neighborsPrune,square,1,10000,random,5,1.06884,0.213768,0.213497,0.00105916,1,0.2192,51669,0,40,dynamic,12898836,15058037,5851179
2025-07-09-14:56:46,LinearOctree,Point,MortonEncoder3D,10000000,neighborsPrune,square,2,10000,random,5,2.48152,0.496305,0.495971,0.00186072,1,0.493047,166045,0,40,dynamic,23751272,28144178,12042741
2025-07-09-14:56:51,LinearOctree,Point,MortonEncoder3D,10000000,neighborsPrune,square,3,10000,random,5,4.31854,0.863708,0.864389,0.0026908,1,0.858887,331283,0,40,dynamic,36516033,44344707,21049732
2025-07-09-14:56:51,LinearOctree,Point,MortonEncoder3D,10000000,neighborsStruct,square,0.5,10000,random,5,0.478243,0.0956486,0.0956598,0.00052652,1,0.0965296,16388,0,40,dynamic,3976841,5619776,3286504
2025-07-09-14:56:52,LinearOctree,Point,MortonEncoder3D,10000000,neighborsStruct,square,1,10000,random,5,0.777092,0.155418,0.155503,0.000883975,1,0.155427,51669,0,40,dynamic,6314612,9048921,5242672
2025-07-09-14:56:54,LinearOctree,Point,MortonEncoder3D,10000000,neighborsStruct,square,2,10000,random,5,1.30098,0.260197,0.259387,0.00488772,1,0.259497,166045,0,40,dynamic,10200709,14797492,8640076
2025-07-09-14:56:56,LinearOctree,Point,MortonEncoder3D,10000000,neighborsStruct,square,3,10000,random,5,1.72564,0.345128,0.34534,0.000970866,1,0.342746,331283,0,40,dynamic,13529136,19737130,11742760
2025-07-09-14:56:56,LinearOctree,Point,MortonEncoder3D,10000000,neighbors,cube,0.5,10000,random,5,0.282168,0.0564336,0.0564464,0.000277962,1,0.0536057,6671,0,40,dynamic,3517931,3844472,1782082
2025-07-09-14:56:57,LinearOctree,Point,MortonEncoder3D,10000000,neighbors,cube,1,10000,random,5,0.940894,0.188179,0.188596,0.00261663,1,0.187872,27041,0,40,dynamic,11851192,13588644,6116202
2025-07-09-14:57:02,LinearOctree,Point,MortonEncoder3D,10000000,neighbors,cube,2,10000,random,5,3.8173,0.76346,0.764616,0.00564828,1,0.757679,108267,0,40,dynamic,39876956,48162610,22660324
2025-07-09-14:57:12,LinearOctree,Point,MortonEncoder3D,10000000,neighbors,cube,3,10000,random,5,8.05788,1.61158,1.61266,0.0081389,1,1.59015,240046,0,40,dynamic,78875330,97786624,47481892
2025-07-09-14:57:12,LinearOctree,Point,MortonEncoder3D,10000000,neighborsPrune,cube,0.5,10000,random,5,0.157206,0.0314412,0.0314505,0.000121652,1,0.0319303,6671,0,40,dynamic,1998484,2122881,876782
2025-07-09-14:57:12,LinearOctree,Point,MortonEncoder3D,10000000,neighborsPrune,cube,1,10000,random,5,0.409162,0.0818325,0.0810392,0.00209309,1,0.0805389,27041,0,40,dynamic,5847013,6322942,2091981
2025-07-09-14:57:14,LinearOctree,Point,MortonEncoder3D,10000000,neighborsPrune,cube,2,10000,random,5,1.29311,0.258621,0.259795,0.00195662,1,0.256532,108267,0,40,dynamic,15142000,16997643,6164996
2025-07-09-14:57:17,LinearOctree,Point,MortonEncoder3D,10000000,neighborsPrune,cube,3,10000,random,5,2.73245,0.54649,0.546497,0.00264948,1,0.543812,240046,0,40,dynamic,26309171,30918156,13648706
2025-07-09-14:57:17,LinearOctree,Point,MortonEncoder3D,10000000,neighborsStruct,cube,0.5,10000,random,5,0.139312,0.0278624,0.0279204,0.000159012,1,0.0285295,6671,0,40,dynamic,1110938,1479993,954338
2025-07-09-14:57:18,LinearOctree,Point,MortonEncoder3D,10000000,neighborsStruct,cube,1,10000,random,5,0.301282,0.0602563,0.0603451,0.000364732,1,0.0598964,27041,0,40,dynamic,2417428,3341796,2098829
2025-07-09-14:57:18,LinearOctree,Point,MortonEncoder3D,10000000,neighborsStruct,cube,2,10000,random,5,0.659768,0.131954,0.130603,0.00268154,1,0.129413,108267,0,40,dynamic,5450385,7704633,4784288
2025-07-09-14:57:20,LinearOctree,Point,MortonEncoder3D,10000000,neighborsStruct,cube,3,10000,random,5,1.00733,0.201466,0.201389,0.000274605,1,0.202184,240046,0,40,dynamic,7923417,11284142,6992290
2025-07-09-14:57:21,UnibnOctree,Point,MortonEncoder3D,10000000,neighborsUnibn,sphere,0.5,10000,random,5,0.195487,0.0390973,0.0390072,0.000427159,1,0.0409406,5014,0,40,dynamic,1845882,2182053,1266819
2025-07-09-14:57:21,UnibnOctree,Point,MortonEncoder3D,10000000,neighborsUnibn,sphere,1,10000,random,5,0.462766,0.0925532,0.0927406,0.000525783,1,0.0939923,20205,0,40,dynamic,5022399,5819269,2874374
2025-07-09-14:57:23,UnibnOctree,Point,MortonEncoder3D,10000000,neighborsUnibn,sphere,2,10000,random,5,1.28658,0.257315,0.257764,0.00189559,1,0.257343,80809,0,40,dynamic,13965226,15981845,7521056
2025-07-09-14:57:26,UnibnOctree,Point,MortonEncoder3D,10000000,neighborsUnibn,sphere,3,10000,random,5,2.52067,0.504133,0.504654,0.00383349,1,0.49912,179052,0,40,dynamic,24750873,28642225,13973102
2025-07-09-14:57:26,UnibnOctree,Point,MortonEncoder3D,10000000,neighborsUnibn,cube,0.5,10000,random,5,0.206531,0.0413063,0.0412578,0.000177203,1,0.0419979,6671,0,40,dynamic,2085406,2449235,1346013
2025-07-09-14:57:27,UnibnOctree,Point,MortonEncoder3D,10000000,neighborsUnibn,cube,1,10000,random,5,0.521834,0.104367,0.104511,0.000917675,1,0.103445,27041,0,40,dynamic,5890879,6794503,3196732
2025-07-09-14:57:29,UnibnOctree,Point,MortonEncoder3D,10000000,neighborsUnibn,cube,2,10000,random,5,1.56057,0.312113,0.311802,0.0015355,1,0.307492,108267,0,40,dynamic,7352197,8557750,3521101
2025-07-09-14:57:32,UnibnOctree,Point,MortonEncoder3D,10000000,neighborsUnibn,cube,3,10000,random,5,3.0617,0.612339,0.613965,0.00661876,1,0.611764,240046,0,40,dynamic,28646989,33209290,16504893
2025-07-09-14:57:35,PCLOctree,Point,MortonEncoder3D,10000000,neighborsPCLOct,sphere,0.5,10000,random,5,0.273352,0.0546704,0.0547145,0.000511174,1,0.0565668,5014,0,40,dynamic,2252076,1921833,1007785
2025-07-09-14:57:36,PCLOctree,Point,MortonEncoder3D,10000000,neighborsPCLOct,sphere,1,10000,random,5,0.889008,0.177802,0.1783,0.00218275,1,0.18038,20205,0,40,dynamic,8402739,8037604,3649818
2025-07-09-14:57:41,PCLOctree,Point,MortonEncoder3D,10000000,neighborsPCLOct,sphere,2,10000,random,5,3.49454,0.698908,0.701914,0.00659343,1,0.703522,80809,0,40,dynamic,32921037,33518167,16390742
2025-07-09-14:57:50,PCLOctree,Point,MortonEncoder3D,10000000,neighborsPCLOct,sphere,3,10000,random,5,7.8952,1.57904,1.58501,0.0109509,1,1.58505,179052,0,40,dynamic,67437648,70672031,38182814
2025-07-09-14:57:55,PCLKDTree,Point,MortonEncoder3D,10000000,neighborsPCLKD,sphere,0.5,10000,random,5,0.754872,0.150974,0.150809,0.00336123,1,0.149691,5014,0,40,dynamic,4692479,2719039,763317
2025-07-09-14:57:59,PCLKDTree,Point,MortonEncoder3D,10000000,neighborsPCLKD,sphere,1,10000,random,5,3.13512,0.627023,0.62576,0.00403387,1,0.625731,20205,0,40,dynamic,22114539,16672735,3941928
2025-07-09-14:58:15,PCLKDTree,Point,MortonEncoder3D,10000000,neighborsPCLKD,sphere,2,10000,random,5,13.6836,2.73671,2.73329,0.022589,1,2.72691,80809,0,40,dynamic,100086817,87392211,30119504
2025-07-09-14:58:54,PCLKDTree,Point,MortonEncoder3D,10000000,neighborsPCLKD,sphere,3,10000,random,5,32.2243,6.44487,6.44428,0.0486281,1,6.41108,179052,0,40,dynamic,231454709,213721720,88459687
2025-07-09-14:58:56,NanoflannKDTree,Point,MortonEncoder3D,10000000,neighborsNanoflann,sphere,0.5,10000,random,5,0.291151,0.0582302,0.0583394,0.000619719,1,0.0606079,5014,0,40,dynamic,3883082,3940530,1789633
2025-07-09-14:58:58,NanoflannKDTree,Point,MortonEncoder3D,10000000,neighborsNanoflann,sphere,1,10000,random,5,1.02308,0.204615,0.204778,0.00175892,1,0.206759,20205,0,40,dynamic,13318180,14202936,6358807
2025-07-09-14:59:03,NanoflannKDTree,Point,MortonEncoder3D,10000000,neighborsNanoflann,sphere,2,10000,random,5,4.14719,0.829438,0.831309,0.00677716,1,0.829461,80809,0,40,dynamic,41633979,47239786,23727946
2025-07-09-14:59:13,NanoflannKDTree,Point,MortonEncoder3D,10000000,neighborsNanoflann,sphere,3,10000,random,5,9.10928,1.82186,1.82078,0.0205065,1,1.81486,179052,0,40,dynamic,83067130,97864305,52649400
2025-07-09-14:59:19,Octree,Point,HilbertEncoder3D,10000000,neighborsPtr,circle,0.5,10000,random,5,1.8074,0.36148,0.358983,0.00639397,1,0.385789,13532,0,40,dynamic,11146093,14520131,7969659
2025-07-09-14:59:25,Octree,Point,HilbertEncoder3D,10000000,neighborsPtr,circle,1,10000,random,5,4.59451,0.918902,0.917232,0.00731625,1,0.947249,42070,0,40,dynamic,28599220,36729990,20156543
2025-07-09-14:59:40,Octree,Point,HilbertEncoder3D,10000000,neighborsPtr,circle,2,10000,random,5,12.2122,2.44243,2.34918,0.161682,1,2.69975,134518,0,40,dynamic,77694488,101894525,56736350
2025-07-09-15:00:06,Octree,Point,HilbertEncoder3D,10000000,neighborsPtr,circle,3,10000,random,5,21.7094,4.34189,4.33294,0.0278322,1,4.41432,268205,0,40,dynamic,152330076,201404098,114287414
2025-07-09-15:00:06,Octree,Point,HilbertEncoder3D,10000000,neighborsPtr,sphere,0.5,10000,random,5,0.500571,0.100114,0.0990358,0.00269044,1,0.0985975,4999,0,40,dynamic,4692260,5821048,3161827
2025-07-09-15:00:08,Octree,Point,HilbertEncoder3D,10000000,neighborsPtr,sphere,1,10000,random,5,1.7575,0.3515,0.351447,0.00182243,1,0.35408,20202,0,40,dynamic,15279251,19206272,10444232
2025-07-09-15:00:17,Octree,Point,HilbertEncoder3D,10000000,neighborsPtr,sphere,2,10000,random,5,6.79558,1.35912,1.35701,0.00433769,1,1.37218,81042,0,40,dynamic,53945581,69547317,38965454
2025-07-09-15:00:34,Octree,Point,HilbertEncoder3D,10000000,neighborsPtr,sphere,3,10000,random,5,14.8559,2.97118,2.97282,0.00896683,1,2.98562,179797,0,40,dynamic,108209097,141550640,80475907
2025-07-09-15:00:36,Octree,Point,HilbertEncoder3D,10000000,neighborsPtr,square,0.5,10000,random,5,1.45143,0.290285,0.289664,0.00269602,1,0.292845,16556,0,40,dynamic,12027025,15373044,8313528
2025-07-09-15:00:41,Octree,Point,HilbertEncoder3D,10000000,neighborsPtr,square,1,10000,random,5,3.81501,0.763003,0.760155,0.00495731,1,0.767791,51917,0,40,dynamic,31120090,39773178,21376099
2025-07-09-15:00:54,Octree,Point,HilbertEncoder3D,10000000,neighborsPtr,square,2,10000,random,5,11.2838,2.25676,2.25473,0.00610214,1,2.26711,166349,0,40,dynamic,80977386,105352581,58170455
2025-07-09-15:01:21,Octree,Point,HilbertEncoder3D,10000000,neighborsPtr,square,3,10000,random,5,21.9807,4.39613,4.39463,0.0198517,1,4.38428,331967,0,40,dynamic,159893929,210933627,120034680
2025-07-09-15:01:21,Octree,Point,HilbertEncoder3D,10000000,neighborsPtr,cube,0.5,10000,random,5,0.498916,0.0997831,0.0988062,0.00197957,1,0.0989692,6660,0,40,dynamic,4601990,5548654,2965204
2025-07-09-15:01:23,Octree,Point,HilbertEncoder3D,10000000,neighborsPtr,cube,1,10000,random,5,1.77537,0.355074,0.35531,0.00227675,1,0.357848,27092,0,40,dynamic,16480721,20346325,10740332
2025-07-09-15:01:32,Octree,Point,HilbertEncoder3D,10000000,neighborsPtr,cube,2,10000,random,5,7.09032,1.41806,1.39716,0.0450423,1,1.40327,108831,0,40,dynamic,57931762,74098972,40464238
2025-07-09-15:01:52,Octree,Point,HilbertEncoder3D,10000000,neighborsPtr,cube,3,10000,random,5,16.4436,3.28872,3.28571,0.00761318,1,3.31253,241699,0,40,dynamic,122166857,159595941,90864069
2025-07-09-15:01:53,LinearOctree,Point,HilbertEncoder3D,10000000,neighbors,circle,0.5,10000,random,5,0.852311,0.170462,0.170196,0.00128629,1,0.172588,13532,0,40,dynamic,8880310,10522829,5042971
2025-07-09-15:01:56,LinearOctree,Point,HilbertEncoder3D,10000000,neighbors,circle,1,10000,random,5,2.31399,0.462798,0.464109,0.00313289,1,0.468116,42070,0,40,dynamic,22948221,27242780,13068549
2025-07-09-15:02:04,LinearOctree,Point,HilbertEncoder3D,10000000,neighbors,circle,2,10000,random,5,7.13877,1.42775,1.42468,0.00629043,1,1.43276,134518,0,40,dynamic,60716939,73774882,36732323
2025-07-09-15:02:21,LinearOctree,Point,HilbertEncoder3D,10000000,neighbors,circle,3,10000,random,5,13.9227,2.78455,2.78164,0.00929479,1,2.78411,268205,0,40,dynamic,112433204,138459705,69260987
2025-07-09-15:02:22,LinearOctree,Point,HilbertEncoder3D,10000000,neighborsPrune,circle,0.5,10000,random,5,0.584673,0.116935,0.116116,0.00322878,1,0.115858,13532,0,40,dynamic,6903894,8044653,3556246
2025-07-09-15:02:23,LinearOctree,Point,HilbertEncoder3D,10000000,neighborsPrune,circle,1,10000,random,5,1.16022,0.232044,0.231893,0.00128059,1,0.235773,42070,0,40,dynamic,13918217,15909841,6162567
2025-07-09-15:02:26,LinearOctree,Point,HilbertEncoder3D,10000000,neighborsPrune,circle,2,10000,random,5,2.6775,0.535501,0.534947,0.00234958,1,0.540032,134518,0,40,dynamic,23548196,27299884,11146163
2025-07-09-15:02:32,LinearOctree,Point,HilbertEncoder3D,10000000,neighborsPrune,circle,3,10000,random,5,4.68838,0.937676,0.938396,0.00430377,1,0.943027,268205,0,40,dynamic,33485978,39625303,18347997
2025-07-09-15:02:33,LinearOctree,Point,HilbertEncoder3D,10000000,neighborsStruct,circle,0.5,10000,random,5,0.503827,0.100765,0.100747,0.000459316,1,0.101923,13532,0,40,dynamic,4195057,5534353,3145909
2025-07-09-15:02:34,LinearOctree,Point,HilbertEncoder3D,10000000,neighborsStruct,circle,1,10000,random,5,0.829773,0.165955,0.165408,0.0010837,1,0.16661,42070,0,40,dynamic,6417662,8631083,5177230
2025-07-09-15:02:35,LinearOctree,Point,HilbertEncoder3D,10000000,neighborsStruct,circle,2,10000,random,5,1.37261,0.274522,0.275097,0.00090898,1,0.275642,134518,0,40,dynamic,10576467,14365448,8683087
2025-07-09-15:02:38,LinearOctree,Point,HilbertEncoder3D,10000000,neighborsStruct,circle,3,10000,random,5,1.8552,0.371041,0.371,0.000550202,1,0.371211,268205,0,40,dynamic,14078662,19190011,11663139
2025-07-09-15:02:38,LinearOctree,Point,HilbertEncoder3D,10000000,neighbors,sphere,0.5,10000,random,5,0.277476,0.0554952,0.0553924,0.000469189,1,0.0561884,4999,0,40,dynamic,3273585,3602486,1722622
2025-07-09-15:02:39,LinearOctree,Point,HilbertEncoder3D,10000000,neighbors,sphere,1,10000,random,5,1.00801,0.201602,0.201996,0.00131979,1,0.204115,20202,0,40,dynamic,11591099,13138535,5988236
2025-07-09-15:02:44,LinearOctree,Point,HilbertEncoder3D,10000000,neighbors,sphere,2,10000,random,5,4.24292,0.848585,0.848757,0.00372306,1,0.874458,81042,0,40,dynamic,39200697,46813514,22904950
2025-07-09-15:02:56,LinearOctree,Point,HilbertEncoder3D,10000000,neighbors,sphere,3,10000,random,5,9.56378,1.91276,1.90237,0.0317468,1,1.93588,179797,0,40,dynamic,85384274,103865666,51851393
2025-07-09-15:02:56,LinearOctree,Point,HilbertEncoder3D,10000000,neighborsPrune,sphere,0.5,10000,random,5,0.173429,0.0346858,0.035282,0.00101547,1,0.0362201,4999,0,40,dynamic,766184,798007,353122
2025-07-09-15:02:56,LinearOctree,Point,HilbertEncoder3D,10000000,neighborsPrune,sphere,1,10000,random,5,0.407006,0.0814013,0.0819254,0.000951861,1,0.0819434,20202,0,40,dynamic,5883198,6201075,2169398
2025-07-09-15:02:58,LinearOctree,Point,HilbertEncoder3D,10000000,neighborsPrune,sphere,2,10000,random,5,1.38442,0.276884,0.277633,0.00193478,1,0.271422,81042,0,40,dynamic,14110084,15634006,5493867
2025-07-09-15:03:02,LinearOctree,Point,HilbertEncoder3D,10000000,neighborsPrune,sphere,3,10000,random,5,3.08224,0.616448,0.615112,0.00271758,1,0.608588,179797,0,40,dynamic,23433009,26992829,11112270
2025-07-09-15:03:02,LinearOctree,Point,HilbertEncoder3D,10000000,neighborsStruct,sphere,0.5,10000,random,5,0.166612,0.0333223,0.0329732,0.000873455,1,0.0319145,4999,0,40,dynamic,417155,531110,327031
2025-07-09-15:03:02,LinearOctree,Point,HilbertEncoder3D,10000000,neighborsStruct,sphere,1,10000,random,5,0.331932,0.0663864,0.0664478,0.000196565,1,0.0644244,20202,0,40,dynamic,916342,1212081,730645
2025-07-09-15:03:03,LinearOctree,Point,HilbertEncoder3D,10000000,neighborsStruct,sphere,2,10000,random,5,0.659539,0.131908,0.131872,0.000256975,1,0.133529,81042,0,40,dynamic,5250166,6990386,4367814
2025-07-09-15:03:04,LinearOctree,Point,HilbertEncoder3D,10000000,neighborsStruct,sphere,3,10000,random,5,1.02908,0.205815,0.20571,0.000630155,1,0.209712,179797,0,40,dynamic,7933851,10652833,6790045
2025-07-09-15:03:05,LinearOctree,Point,HilbertEncoder3D,10000000,neighbors,square,0.5,10000,random,5,0.873964,0.174793,0.174378,0.000745549,1,0.177096,16556,0,40,dynamic,9566101,11201975,5217975
2025-07-09-15:03:08,LinearOctree,Point,HilbertEncoder3D,10000000,neighbors,square,1,10000,random,5,2.45224,0.490448,0.490273,0.00374899,1,0.49021,51917,0,40,dynamic,24640818,29195091,13561776
2025-07-09-15:03:18,LinearOctree,Point,HilbertEncoder3D,10000000,neighbors,square,2,10000,random,5,8.17853,1.63571,1.56999,0.0980154,1,1.58431,166349,0,40,dynamic,22707186,28784228,12695135
2025-07-09-15:03:36,LinearOctree,Point,HilbertEncoder3D,10000000,neighbors,square,3,10000,random,5,15.1945,3.03891,3.04333,0.0149446,1,3.04896,331967,0,40,dynamic,41895058,53990094,24820468
2025-07-09-15:03:37,LinearOctree,Point,HilbertEncoder3D,10000000,neighborsPrune,square,0.5,10000,random,5,0.614308,0.122862,0.123304,0.00154242,1,0.120471,16556,0,40,dynamic,2340531,2779164,1157993
2025-07-09-15:03:39,LinearOctree,Point,HilbertEncoder3D,10000000,neighborsPrune,square,1,10000,random,5,1.26021,0.252042,0.252265,0.00249464,1,0.257076,51917,0,40,dynamic,4626698,5424241,2092875
2025-07-09-15:03:43,LinearOctree,Point,HilbertEncoder3D,10000000,neighborsPrune,square,2,10000,random,5,3.36857,0.673713,0.673735,0.0026637,1,0.677937,166349,0,40,dynamic,9587655,11619562,4957940
2025-07-09-15:03:49,LinearOctree,Point,HilbertEncoder3D,10000000,neighborsPrune,square,3,10000,random,5,5.57806,1.11561,1.11683,0.00253152,1,1.15685,331967,0,40,dynamic,41005326,48800072,22380757
2025-07-09-15:03:50,LinearOctree,Point,HilbertEncoder3D,10000000,neighborsStruct,square,0.5,10000,random,5,0.495651,0.0991301,0.0989565,0.000940952,1,0.101231,16556,0,40,dynamic,4170003,5531464,3055079
2025-07-09-15:03:51,LinearOctree,Point,HilbertEncoder3D,10000000,neighborsStruct,square,1,10000,random,5,0.851026,0.170205,0.170516,0.000757132,1,0.169013,51917,0,40,dynamic,6702741,9073139,5501261
2025-07-09-15:03:53,LinearOctree,Point,HilbertEncoder3D,10000000,neighborsStruct,square,2,10000,random,5,1.35786,0.271573,0.270634,0.00459106,1,0.277649,166349,0,40,dynamic,10367572,14198836,8569181
2025-07-09-15:03:55,LinearOctree,Point,HilbertEncoder3D,10000000,neighborsStruct,square,3,10000,random,5,1.80871,0.361742,0.36172,0.00119179,1,0.363676,331967,0,40,dynamic,14079773,19355690,11554376
2025-07-09-15:03:55,LinearOctree,Point,HilbertEncoder3D,10000000,neighbors,cube,0.5,10000,random,5,0.274687,0.0549375,0.0547296,0.000273801,1,0.0548668,6660,0,40,dynamic,3523509,3789005,1740143
2025-07-09-15:03:57,LinearOctree,Point,HilbertEncoder3D,10000000,neighbors,cube,1,10000,random,5,1.05722,0.211443,0.212922,0.00216526,1,0.213982,27092,0,40,dynamic,12581976,14125001,6405240
2025-07-09-15:04:02,LinearOctree,Point,HilbertEncoder3D,10000000,neighbors,cube,2,10000,random,5,4.79482,0.958963,0.959096,0.00497945,1,0.957937,108831,0,40,dynamic,40122331,47563420,23426413
2025-07-09-15:04:15,LinearOctree,Point,HilbertEncoder3D,10000000,neighbors,cube,3,10000,random,5,10.8753,2.17505,2.17534,0.00642382,1,2.18703,241699,0,40,dynamic,83726607,101704328,51207734
2025-07-09-15:04:16,LinearOctree,Point,HilbertEncoder3D,10000000,neighborsPrune,cube,0.5,10000,random,5,0.163854,0.0327709,0.0326633,0.000189619,1,0.0334243,6660,0,40,dynamic,2213794,2244007,876531
2025-07-09-15:04:16,LinearOctree,Point,HilbertEncoder3D,10000000,neighborsPrune,cube,1,10000,random,5,0.44357,0.0887139,0.0888175,0.000632657,1,0.0892973,27092,0,40,dynamic,6447243,6829616,2182799
2025-07-09-15:04:18,LinearOctree,Point,HilbertEncoder3D,10000000,neighborsPrune,cube,2,10000,random,5,1.76607,0.353214,0.353671,0.00125908,1,0.35485,108831,0,40,dynamic,16170634,17875188,5984806
2025-07-09-15:04:23,LinearOctree,Point,HilbertEncoder3D,10000000,neighborsPrune,cube,3,10000,random,5,3.91554,0.783108,0.784367,0.00313016,1,0.784216,241699,0,40,dynamic,29159285,33539725,13923357
2025-07-09-15:04:23,LinearOctree,Point,HilbertEncoder3D,10000000,neighborsStruct,cube,0.5,10000,random,5,0.142808,0.0285616,0.02855,0.0001693,1,0.0292329,6660,0,40,dynamic,1152313,1462700,954117
2025-07-09-15:04:23,LinearOctree,Point,HilbertEncoder3D,10000000,neighborsStruct,cube,1,10000,random,5,0.315222,0.0630443,0.0623116,0.000972162,1,0.0623356,27092,0,40,dynamic,2467557,3255614,2075357
2025-07-09-15:04:24,LinearOctree,Point,HilbertEncoder3D,10000000,neighborsStruct,cube,2,10000,random,5,0.674103,0.134821,0.134831,0.000202716,1,0.134983,108831,0,40,dynamic,5275362,7131780,4515618
2025-07-09-15:04:26,LinearOctree,Point,HilbertEncoder3D,10000000,neighborsStruct,cube,3,10000,random,5,1.05226,0.210452,0.210397,0.000236884,1,0.209512,241699,0,40,dynamic,8214519,11146180,7039783
2025-07-09-15:04:27,UnibnOctree,Point,HilbertEncoder3D,10000000,neighborsUnibn,sphere,0.5,10000,random,5,0.205762,0.0411524,0.0408331,0.00148456,1,0.0418517,4999,0,40,dynamic,1853432,2101925,1260987
2025-07-09-15:04:27,UnibnOctree,Point,HilbertEncoder3D,10000000,neighborsUnibn,sphere,1,10000,random,5,0.483192,0.0966383,0.0966196,0.000360638,1,0.0976004,20202,0,40,dynamic,5173872,5834141,3016938
2025-07-09-15:04:29,UnibnOctree,Point,HilbertEncoder3D,10000000,neighborsUnibn,sphere,2,10000,random,5,1.44869,0.289738,0.289744,0.000928799,1,0.290998,81042,0,40,dynamic,14752856,16485666,7891173
2025-07-09-15:04:33,UnibnOctree,Point,HilbertEncoder3D,10000000,neighborsUnibn,sphere,3,10000,random,5,3.0991,0.619821,0.621715,0.00281936,1,0.624564,179797,0,40,dynamic,25633853,29080505,14477511
2025-07-09-15:04:33,UnibnOctree,Point,HilbertEncoder3D,10000000,neighborsUnibn,cube,0.5,10000,random,5,0.215234,0.0430467,0.0420993,0.00174937,1,0.0424152,6660,0,40,dynamic,2105131,2382886,1385053
2025-07-09-15:04:33,UnibnOctree,Point,HilbertEncoder3D,10000000,neighborsUnibn,cube,1,10000,random,5,0.535451,0.10709,0.10695,0.000490704,1,0.108166,27092,0,40,dynamic,6056385,6754250,3244190
2025-07-09-15:04:36,UnibnOctree,Point,HilbertEncoder3D,10000000,neighborsUnibn,cube,2,10000,random,5,1.74582,0.349164,0.347163,0.00292125,1,0.352177,108831,0,40,dynamic,17169261,19296212,9031309
2025-07-09-15:04:40,UnibnOctree,Point,HilbertEncoder3D,10000000,neighborsUnibn,cube,3,10000,random,5,3.83359,0.766718,0.766694,0.00349495,1,0.766319,241699,0,40,dynamic,29060564,33018058,16051967
2025-07-09-15:04:43,PCLOctree,Point,HilbertEncoder3D,10000000,neighborsPCLOct,sphere,0.5,10000,random,5,0.273372,0.0546745,0.0544432,0.000532901,1,0.0565645,4999,0,40,dynamic,2203824,1828842,989932
2025-07-09-15:04:44,PCLOctree,Point,HilbertEncoder3D,10000000,neighborsPCLOct,sphere,1,10000,random,5,0.900559,0.180112,0.180122,0.000555284,1,0.182814,20202,0,40,dynamic,8204979,7679060,3560675
2025-07-09-15:04:48,PCLOctree,Point,HilbertEncoder3D,10000000,neighborsPCLOct,sphere,2,10000,random,5,3.58159,0.716319,0.714968,0.00370793,1,0.725889,81042,0,40,dynamic,33500188,33882195,16399855
2025-07-09-15:04:58,PCLOctree,Point,HilbertEncoder3D,10000000,neighborsPCLOct,sphere,3,10000,random,5,8.00991,1.60198,1.62191,0.092853,1,1.65778,179797,0,40,dynamic,61148736,63590646,35739935
2025-07-09-15:05:03,PCLKDTree,Point,HilbertEncoder3D,10000000,neighborsPCLKD,sphere,0.5,10000,random,5,0.736426,0.147285,0.147479,0.00068435,1,0.149452,4999,0,40,dynamic,4619668,2693119,735361
2025-07-09-15:05:07,PCLKDTree,Point,HilbertEncoder3D,10000000,neighborsPCLKD,sphere,1,10000,random,5,3.18426,0.636851,0.636069,0.00421918,1,0.6268,20202,0,40,dynamic,22809530,17144008,3793434
2025-07-09-15:05:23,PCLKDTree,Point,HilbertEncoder3D,10000000,neighborsPCLKD,sphere,2,10000,random,5,13.6237,2.72475,2.72208,0.0110755,1,2.74762,81042,0,40,dynamic,100983152,86651695,32116488
2025-07-09-15:06:02,PCLKDTree,Point,HilbertEncoder3D,10000000,neighborsPCLKD,sphere,3,10000,random,5,32.02,6.40399,6.4011,0.0232765,1,6.44718,179797,0,40,dynamic,238359613,216512355,95042760
2025-07-09-15:06:04,NanoflannKDTree,Point,HilbertEncoder3D,10000000,neighborsNanoflann,sphere,0.5,10000,random,5,0.334804,0.0669608,0.0669392,0.000156914,1,0.067306,4999,0,40,dynamic,2740560,2793569,1222073
2025-07-09-15:06:06,NanoflannKDTree,Point,HilbertEncoder3D,10000000,neighborsNanoflann,sphere,1,10000,random,5,1.19301,0.238602,0.238542,0.00156351,1,0.240536,20202,0,40,dynamic,10157888,10943705,4550696
2025-07-09-15:06:12,NanoflannKDTree,Point,HilbertEncoder3D,10000000,neighborsNanoflann,sphere,2,10000,random,5,5.21791,1.04358,1.046,0.00378279,1,1.02588,81042,0,40,dynamic,34785227,40331838,19473134
2025-07-09-15:06:25,NanoflannKDTree,Point,HilbertEncoder3D,10000000,neighborsNanoflann,sphere,3,10000,random,5,10.8807,2.17614,2.17601,0.0084188,1,2.20144,179797,0,40,dynamic,65807392,79603656,40389785
2025-07-09-15:06:30,PCLOctree,Point,NoEncoding,10000000,KNNPCLOCT,KNN,10,10000,random,5,0.0617828,0.0123566,0.0123871,0.000347916,1,0.020573,10,0,40,dynamic,179160,150314,107149
2025-07-09-15:06:30,PCLOctree,Point,NoEncoding,10000000,KNNPCLOCT,KNN,50,10000,random,5,0.0915091,0.0183018,0.0182985,6.7889e-05,1,0.0175946,50,0,40,dynamic,285496,239559,184913
2025-07-09-15:06:31,PCLOctree,Point,NoEncoding,10000000,KNNPCLOCT,KNN,250,10000,random,5,0.212658,0.0425316,0.0435513,0.0021404,1,0.0440774,250,0,40,dynamic,595491,467407,383388
2025-07-09-15:06:31,PCLOctree,Point,NoEncoding,10000000,KNNPCLOCT,KNN,500,10000,random,5,0.346662,0.0693324,0.0692131,0.000263717,1,0.0700827,500,0,40,dynamic,979644,716774,580860
2025-07-09-15:06:32,PCLOctree,Point,NoEncoding,10000000,KNNPCLOCT,KNN,1000,10000,random,5,0.661753,0.132351,0.132369,0.000194435,1,0.134121,1000,0,40,dynamic,1701302,1204537,933746
2025-07-09-15:06:37,PCLKDTree,Point,NoEncoding,10000000,neighborsPCLKD,KNN,10,10000,random,5,0.0343162,0.00686323,0.00682692,0.00188012,1,0.00813598,10,0,40,dynamic,35480,30015,19180
2025-07-09-15:06:38,PCLKDTree,Point,NoEncoding,10000000,neighborsPCLKD,KNN,50,10000,random,5,0.0433432,0.00866863,0.00908122,0.00087751,1,0.00834924,50,0,40,dynamic,498,455,345
2025-07-09-15:06:38,PCLKDTree,Point,NoEncoding,10000000,neighborsPCLKD,KNN,250,10000,random,5,0.123017,0.0246033,0.0246651,0.000266214,1,0.0243629,250,0,40,dynamic,166654,160352,124929
2025-07-09-15:06:38,PCLKDTree,Point,NoEncoding,10000000,neighborsPCLKD,KNN,500,10000,random,5,0.169651,0.0339301,0.0335095,0.00214925,1,0.0358459,500,0,40,dynamic,295433,236542,178352
2025-07-09-15:06:38,PCLKDTree,Point,NoEncoding,10000000,neighborsPCLKD,KNN,1000,10000,random,5,0.301484,0.0602969,0.0602535,0.000142153,1,0.0606358,1000,0,40,dynamic,607575,384065,298335
2025-07-09-15:06:41,NanoflannKDTree,Point,NoEncoding,10000000,KNNNanoflann,KNN,10,10000,random,5,0.0289733,0.00579466,0.00579756,8.31463e-05,1,0.00606453,10,0,40,dynamic,160293,153229,133539
2025-07-09-15:06:41,NanoflannKDTree,Point,NoEncoding,10000000,KNNNanoflann,KNN,50,10000,random,5,0.0582466,0.0116493,0.0116276,3.01669e-05,1,0.0117314,50,0,40,dynamic,261167,243167,215168
2025-07-09-15:06:42,NanoflannKDTree,Point,NoEncoding,10000000,KNNNanoflann,KNN,250,10000,random,5,0.193213,0.0386426,0.0385642,0.000104792,1,0.0388409,250,0,40,dynamic,555537,477557,430533
2025-07-09-15:06:42,NanoflannKDTree,Point,NoEncoding,10000000,KNNNanoflann,KNN,500,10000,random,5,0.427999,0.0855999,0.0852633,0.000802351,1,0.0858423,500,0,40,dynamic,920622,740038,654179
2025-07-09-15:06:43,NanoflannKDTree,Point,NoEncoding,10000000,KNNNanoflann,KNN,1000,10000,random,5,1.1336,0.22672,0.226563,0.000800587,1,0.227184,1000,0,40,dynamic,1651973,1229343,1049124
2025-07-09-15:06:46,LinearOctree,Point,MortonEncoder3D,10000000,KNNV2,KNN,10,10000,random,5,0.0411858,0.00823716,0.00824402,2.78135e-05,1,0.00640217,10,0,40,dynamic,55546,55278,37489
2025-07-09-15:06:46,LinearOctree,Point,MortonEncoder3D,10000000,KNNV2,KNN,50,10000,random,5,0.0563836,0.0112767,0.011276,2.97728e-05,1,0.0107968,50,0,40,dynamic,105144,96455,70431
2025-07-09-15:06:46,LinearOctree,Point,MortonEncoder3D,10000000,KNNV2,KNN,250,10000,random,5,0.106963,0.0213926,0.0214001,4.94836e-05,1,0.0206695,250,0,40,dynamic,280607,209419,157122
2025-07-09-15:06:46,LinearOctree,Point,MortonEncoder3D,10000000,KNNV2,KNN,500,10000,random,5,0.147022,0.0294044,0.0278382,0.00259926,1,0.0293897,500,0,40,dynamic,442751,296282,221896
2025-07-09-15:06:46,LinearOctree,Point,MortonEncoder3D,10000000,KNNV2,KNN,1000,10000,random,5,0.247254,0.0494508,0.0487041,0.00164593,1,0.0487452,1000,0,40,dynamic,789069,473847,343878
2025-07-09-15:06:49,PCLOctree,Point,MortonEncoder3D,10000000,KNNPCLOCT,KNN,10,10000,random,5,0.0524095,0.0104819,0.0100481,0.000877298,1,0.0121873,10,0,40,dynamic,100817,93118,62799
2025-07-09-15:06:49,PCLOctree,Point,MortonEncoder3D,10000000,KNNPCLOCT,KNN,50,10000,random,5,0.0645377,0.0129075,0.013119,0.000934174,1,0.0144754,50,0,40,dynamic,144555,140032,105093
2025-07-09-15:06:49,PCLOctree,Point,MortonEncoder3D,10000000,KNNPCLOCT,KNN,250,10000,random,5,0.139622,0.0279243,0.0260347,0.00234342,1,0.0298208,250,0,40,dynamic,296247,274367,215527
2025-07-09-15:06:50,PCLOctree,Point,MortonEncoder3D,10000000,KNNPCLOCT,KNN,500,10000,random,5,0.242214,0.0484428,0.0475036,0.0013533,1,0.0478399,500,0,40,dynamic,446656,403871,325048
2025-07-09-15:06:50,PCLOctree,Point,MortonEncoder3D,10000000,KNNPCLOCT,KNN,1000,10000,random,5,0.46991,0.093982,0.0941758,0.000368147,1,0.0948023,1000,0,40,dynamic,789451,678458,528337
2025-07-09-15:06:54,PCLKDTree,Point,MortonEncoder3D,10000000,neighborsPCLKD,KNN,10,10000,random,5,0.0110992,0.00221984,0.00219693,5.26441e-05,1,0.00294091,10,0,40,dynamic,31571,26032,17330
2025-07-09-15:06:54,PCLKDTree,Point,MortonEncoder3D,10000000,neighborsPCLKD,KNN,50,10000,random,5,0.0218903,0.00437806,0.00436356,3.20538e-05,1,0.00462446,50,0,40,dynamic,60523,53517,39896
2025-07-09-15:06:54,PCLKDTree,Point,MortonEncoder3D,10000000,neighborsPCLKD,KNN,250,10000,random,5,0.0960647,0.0192129,0.0192218,2.52827e-05,1,0.0192775,250,0,40,dynamic,158485,145744,114354
2025-07-09-15:06:55,PCLKDTree,Point,MortonEncoder3D,10000000,neighborsPCLKD,KNN,500,10000,random,5,0.159993,0.0319986,0.0308103,0.00155849,1,0.03097,500,0,40,dynamic,293393,231347,183229
2025-07-09-15:06:55,PCLKDTree,Point,MortonEncoder3D,10000000,neighborsPCLKD,KNN,1000,10000,random,5,0.303033,0.0606067,0.0604909,0.000314798,1,0.0608742,1000,0,40,dynamic,600937,396632,298906
2025-07-09-15:06:57,NanoflannKDTree,Point,MortonEncoder3D,10000000,KNNNanoflann,KNN,10,10000,random,5,0.0374383,0.00748766,0.00747291,3.64979e-05,1,0.00563913,10,0,40,dynamic,69425,90000,65204
2025-07-09-15:06:57,NanoflannKDTree,Point,MortonEncoder3D,10000000,KNNNanoflann,KNN,50,10000,random,5,0.0466287,0.00932573,0.010117,0.0010177,1,0.0095348,50,0,40,dynamic,121846,167023,122099
2025-07-09-15:06:57,NanoflannKDTree,Point,MortonEncoder3D,10000000,KNNNanoflann,KNN,250,10000,random,5,0.121923,0.0243846,0.0242942,0.000219114,1,0.0239351,250,0,40,dynamic,237848,293890,229828
2025-07-09-15:06:58,NanoflannKDTree,Point,MortonEncoder3D,10000000,KNNNanoflann,KNN,500,10000,random,5,0.285206,0.0570412,0.0563142,0.00129818,1,0.0580661,500,0,40,dynamic,386619,425311,340771
2025-07-09-15:06:59,NanoflannKDTree,Point,MortonEncoder3D,10000000,KNNNanoflann,KNN,1000,10000,random,5,0.855417,0.171083,0.170806,0.000895267,1,0.175032,1000,0,40,dynamic,708924,653038,540680
2025-07-09-15:07:01,LinearOctree,Point,HilbertEncoder3D,10000000,KNNV2,KNN,10,10000,random,5,0.0409544,0.00819088,0.00820399,5.46452e-05,1,0.00636722,10,0,40,dynamic,52684,51527,34920
2025-07-09-15:07:01,LinearOctree,Point,HilbertEncoder3D,10000000,KNNV2,KNN,50,10000,random,5,0.0555175,0.0111035,0.0110783,4.26941e-05,1,0.00883818,50,0,40,dynamic,97518,90182,66368
2025-07-09-15:07:01,LinearOctree,Point,HilbertEncoder3D,10000000,KNNV2,KNN,250,10000,random,5,0.104988,0.0209976,0.0210193,5.25906e-05,1,0.0204051,250,0,40,dynamic,270373,196770,147031
2025-07-09-15:07:02,LinearOctree,Point,HilbertEncoder3D,10000000,KNNV2,KNN,500,10000,random,5,0.148627,0.0297254,0.0299207,0.00223079,1,0.0316567,500,0,40,dynamic,436466,289539,213063
2025-07-09-15:07:02,LinearOctree,Point,HilbertEncoder3D,10000000,KNNV2,KNN,1000,10000,random,5,0.241305,0.0482611,0.0482439,7.22928e-05,1,0.0485537,1000,0,40,dynamic,759806,444074,327568
2025-07-09-15:07:04,PCLOctree,Point,HilbertEncoder3D,10000000,KNNPCLOCT,KNN,10,10000,random,5,0.0269575,0.00539149,0.00503939,0.000791261,1,0.00773702,10,0,40,dynamic,80419,74921,51863
2025-07-09-15:07:04,PCLOctree,Point,HilbertEncoder3D,10000000,KNNPCLOCT,KNN,50,10000,random,5,0.0447318,0.00894636,0.00893357,2.88662e-05,1,0.00888849,50,0,40,dynamic,136680,135721,98798
2025-07-09-15:07:05,PCLOctree,Point,HilbertEncoder3D,10000000,KNNPCLOCT,KNN,250,10000,random,5,0.125452,0.0250903,0.0251107,0.000102787,1,0.0252745,250,0,40,dynamic,269514,255780,203811
2025-07-09-15:07:05,PCLOctree,Point,HilbertEncoder3D,10000000,KNNPCLOCT,KNN,500,10000,random,5,0.230333,0.0460667,0.046053,0.000171994,1,0.0463324,500,0,40,dynamic,425879,387263,308214
2025-07-09-15:07:05,PCLOctree,Point,HilbertEncoder3D,10000000,KNNPCLOCT,KNN,1000,10000,random,5,0.46895,0.0937899,0.0923782,0.0025309,1,0.0945401,1000,0,40,dynamic,747658,649889,504898
2025-07-09-15:07:10,PCLKDTree,Point,HilbertEncoder3D,10000000,neighborsPCLKD,KNN,10,10000,random,5,0.0110896,0.00221792,0.0021997,5.60567e-05,1,0.00301879,10,0,40,dynamic,30401,25604,17064
2025-07-09-15:07:10,PCLKDTree,Point,HilbertEncoder3D,10000000,neighborsPCLKD,KNN,50,10000,random,5,0.0217789,0.00435578,0.00434964,1.49116e-05,1,0.00455151,50,0,40,dynamic,59161,53636,39596
2025-07-09-15:07:10,PCLKDTree,Point,HilbertEncoder3D,10000000,neighborsPCLKD,KNN,250,10000,random,5,0.10219,0.020438,0.0191209,0.00179264,1,0.0189697,250,0,40,dynamic,161188,152929,119556
2025-07-09-15:07:10,PCLKDTree,Point,HilbertEncoder3D,10000000,neighborsPCLKD,KNN,500,10000,random,5,0.154454,0.0308907,0.030645,0.000532271,1,0.0323423,500,0,40,dynamic,295361,235936,185382
2025-07-09-15:07:10,PCLKDTree,Point,HilbertEncoder3D,10000000,neighborsPCLKD,KNN,1000,10000,random,5,0.301833,0.0603665,0.0603074,0.000382239,1,0.0605279,1000,0,40,dynamic,609522,383802,301443
2025-07-09-15:07:12,NanoflannKDTree,Point,HilbertEncoder3D,10000000,KNNNanoflann,KNN,10,10000,random,5,0.0177702,0.00355403,0.00355717,1.60768e-05,1,0.00387251,10,0,40,dynamic,79884,103965,74769
2025-07-09-15:07:12,NanoflannKDTree,Point,HilbertEncoder3D,10000000,KNNNanoflann,KNN,50,10000,random,5,0.0330083,0.00660166,0.00662808,5.92895e-05,1,0.00649151,50,0,40,dynamic,135175,182344,131859
2025-07-09-15:07:12,NanoflannKDTree,Point,HilbertEncoder3D,10000000,KNNNanoflann,KNN,250,10000,random,5,0.102161,0.0204323,0.0204448,5.50861e-05,1,0.0204751,250,0,40,dynamic,246244,298529,236979
2025-07-09-15:07:13,NanoflannKDTree,Point,HilbertEncoder3D,10000000,KNNNanoflann,KNN,500,10000,random,5,0.261777,0.0523553,0.0523005,0.000151064,1,0.0523932,500,0,40,dynamic,374575,410848,333470
2025-07-09-15:07:14,NanoflannKDTree,Point,HilbertEncoder3D,10000000,KNNNanoflann,KNN,1000,10000,random,5,0.855316,0.171063,0.170892,0.0009832,1,0.171254,1000,0,40,dynamic,705965,628119,528577
